"adjusted_rnx","alpha","beta","id","k","laplacian","laplacian_celltype","method","name"
"0.06982298393419721","undefined","1e-30","xtdit0el","1","0.6077611940298507","0.17194029850746267","ctsne","deep-sweep-17"
"0.09009493914779741","undefined","1e-30","xtdit0el","2","0.6146268656716418","0.1755223880597015","ctsne","deep-sweep-17"
"0.10466923019005447","undefined","1e-30","xtdit0el","4","0.6201492537313433","0.17865671641791045","ctsne","deep-sweep-17"
"0.13276870563193902","undefined","1e-30","xtdit0el","9","0.6248092868988392","0.18023217247097845","ctsne","deep-sweep-17"
"0.170728867236165","undefined","1e-30","xtdit0el","20","0.64","0.18758208955223882","ctsne","deep-sweep-17"
"0.2073882916281609","undefined","1e-30","xtdit0el","41","0.6521004732435384","0.19346195850018202","ctsne","deep-sweep-17"
"0.251141786942997","undefined","1e-30","xtdit0el","87","0.6694595985589294","0.20275175844913365","ctsne","deep-sweep-17"
"0.29892590052675655","undefined","1e-30","xtdit0el","183","0.6947492047956937","0.21844547753038088","ctsne","deep-sweep-17"
"0.3430414303412357","undefined","1e-30","xtdit0el","385","0.7270261678619887","0.24518705175421593","ctsne","deep-sweep-17"
"0.37794136704590436","undefined","1e-30","xtdit0el","811","0.7654342344995123","0.28838102950107664","ctsne","deep-sweep-17"
"0.4075747793952086","undefined","1e-30","xtdit0el","1707","0.796610270265544","0.349316685465467","ctsne","deep-sweep-17"
"0.4560326730561968","undefined","1e-30","xtdit0el","3593","0.817822382659483","0.42284242577815073","ctsne","deep-sweep-17"
"0.47053384961025635","undefined","1e-30","xtdit0el","7562","0.8323928361366929","0.525790223702961","ctsne","deep-sweep-17"
"0.4473053610803385","undefined","1e-30","xtdit0el","15918","0.847482564561287","0.6662059097651584","ctsne","deep-sweep-17"
"0","undefined","1e-30","xtdit0el","33505","0.8411287296317833","0.8269466405476131","ctsne","deep-sweep-17"
"0.08176363882592767","undefined","0.0001","bgjk13dg","1","0.6053731343283583","0.1647761194029851","ctsne","amber-sweep-9"
"0.08800526217077463","undefined","0.0001","bgjk13dg","2","0.6068656716417911","0.16","ctsne","amber-sweep-9"
"0.10422141553359734","undefined","0.0001","bgjk13dg","4","0.6125373134328358","0.1625373134328358","ctsne","amber-sweep-9"
"0.13489199571761445","undefined","0.0001","bgjk13dg","9","0.624742951907131","0.17466003316749584","ctsne","amber-sweep-9"
"0.17114702729446687","undefined","0.0001","bgjk13dg","20","0.6394626865671642","0.18525373134328357","ctsne","amber-sweep-9"
"0.20789856293362782","undefined","0.0001","bgjk13dg","41","0.6509646887513652","0.1920349472151438","ctsne","amber-sweep-9"
"0.2504056156446517","undefined","0.0001","bgjk13dg","87","0.6707977354606279","0.2030125235889518","ctsne","amber-sweep-9"
"0.29952947447201783","undefined","0.0001","bgjk13dg","183","0.6943870809885001","0.21753853682407634","ctsne","amber-sweep-9"
"0.3441207055256374","undefined","0.0001","bgjk13dg","385","0.7252955999224656","0.24556697034308975","ctsne","amber-sweep-9"
"0.3776162174874661","undefined","0.0001","bgjk13dg","811","0.7642070780499476","0.2881285312034157","ctsne","amber-sweep-9"
"0.4061393925995099","undefined","0.0001","bgjk13dg","1707","0.7961807832542035","0.3481551819111822","ctsne","amber-sweep-9"
"0.4542284295247916","undefined","0.0001","bgjk13dg","3593","0.8177692112773178","0.42303002106085213","ctsne","amber-sweep-9"
"0.46976668823486845","undefined","0.0001","bgjk13dg","7562","0.8320093791818479","0.5255400332376731","ctsne","amber-sweep-9"
"0.4429846570744909","undefined","0.0001","bgjk13dg","15918","0.8473170146253279","0.666252416770276","ctsne","amber-sweep-9"
"0","undefined","0.0001","bgjk13dg","33505","0.8411287296317833","0.8269466405476131","ctsne","amber-sweep-9"
"0.08116660608134114","undefined","0.00001","4aicykx9","1","0.6011940298507462","0.1701492537313433","ctsne","dulcet-sweep-10"
"0.09039346443022923","undefined","0.00001","4aicykx9","2","0.6071641791044776","0.17223880597014926","ctsne","dulcet-sweep-10"
"0.10705757502449247","undefined","0.00001","4aicykx9","4","0.6092537313432835","0.17328358208955225","ctsne","dulcet-sweep-10"
"0.13582093513009746","undefined","0.00001","4aicykx9","9","0.6225538971807628","0.17903814262023218","ctsne","dulcet-sweep-10"
"0.17275993037648849","undefined","0.00001","4aicykx9","20","0.637223880597015","0.18582089552238806","ctsne","dulcet-sweep-10"
"0.20817556735659556","undefined","0.00001","4aicykx9","41","0.6515908263560247","0.19207863123407354","ctsne","dulcet-sweep-10"
"0.2512656288436532","undefined","0.00001","4aicykx9","87","0.6701732715731686","0.20442614513638704","ctsne","dulcet-sweep-10"
"0.2998968673082638","undefined","0.00001","4aicykx9","183","0.6951635266291494","0.2193980915096648","ctsne","dulcet-sweep-10"
"0.3453348901080893","undefined","0.00001","4aicykx9","385","0.726329908897073","0.24616863733281644","ctsne","dulcet-sweep-10"
"0.37925403579690803","undefined","0.00001","4aicykx9","811","0.7644448534148002","0.2888632055505457","ctsne","dulcet-sweep-10"
"0.4067319733357059","undefined","0.00001","4aicykx9","1707","0.7964137135062823","0.34939013194134777","ctsne","dulcet-sweep-10"
"0.4545543249676934","undefined","0.00001","4aicykx9","3593","0.8174890645575352","0.42326397514237885","ctsne","dulcet-sweep-10"
"0.47036041240936116","undefined","0.00001","4aicykx9","7562","0.8325073916321593","0.5252896059243586","ctsne","dulcet-sweep-10"
"0.4469894002218325","undefined","0.00001","4aicykx9","15918","0.8475645519106315","0.6661553896555669","ctsne","dulcet-sweep-10"
"0","undefined","0.00001","4aicykx9","33505","0.8411287296317833","0.8269466405476131","ctsne","dulcet-sweep-10"
"0.08176363882592767","undefined","1e-7","7zlm8fmt","1","0.6083582089552239","0.16417910447761194","ctsne","dandy-sweep-12"
"0.08800526217077463","undefined","1e-7","7zlm8fmt","2","0.6122388059701492","0.16656716417910447","ctsne","dandy-sweep-12"
"0.10481850174220685","undefined","1e-7","7zlm8fmt","4","0.6152238805970149","0.17194029850746267","ctsne","dandy-sweep-12"
"0.13383035067477675","undefined","1e-7","7zlm8fmt","9","0.6218905472636815","0.17923714759535656","ctsne","dandy-sweep-12"
"0.17132623874802486","undefined","1e-7","7zlm8fmt","20","0.6371641791044776","0.18701492537313433","ctsne","dandy-sweep-12"
"0.2084525717795633","undefined","1e-7","7zlm8fmt","41","0.6496832908627593","0.193520203858755","ctsne","dandy-sweep-12"
"0.2520293205643666","undefined","1e-7","7zlm8fmt","87","0.6688557213930348","0.20355464059015269","ctsne","dandy-sweep-12"
"0.2997787767537562","undefined","1e-7","7zlm8fmt","183","0.6934866650354784","0.2189119973900987","ctsne","dandy-sweep-12"
"0.3449285932000079","undefined","1e-7","7zlm8fmt","385","0.7256460554371003","0.24570808296181432","ctsne","dandy-sweep-12"
"0.3781744789103067","undefined","1e-7","7zlm8fmt","811","0.764410254522701","0.2890722711964223","ctsne","dandy-sweep-12"
"0.40675740124043075","undefined","1e-7","7zlm8fmt","1707","0.7963308239120741","0.3496986071400467","ctsne","dandy-sweep-12"
"0.45576149677960737","undefined","1e-7","7zlm8fmt","3593","0.8172946566914938","0.42348397173608715","ctsne","dandy-sweep-12"
"0.47100409791744513","undefined","1e-7","7zlm8fmt","7562","0.8323270713346781","0.5258355406253578","ctsne","dandy-sweep-12"
"0.44777708735529487","undefined","1e-7","7zlm8fmt","15918","0.8474403332001883","0.6660057046092568","ctsne","dandy-sweep-12"
"0","undefined","1e-7","7zlm8fmt","33505","0.8411287296317833","0.8269466405476131","ctsne","dandy-sweep-12"
"0.0799725405921681","undefined","0.001","hnlb14cx","1","0.6053731343283583","0.1617910447761194","ctsne","balmy-sweep-8"
"0.09487134366670662","undefined","0.001","hnlb14cx","2","0.6098507462686568","0.16955223880597015","ctsne","balmy-sweep-8"
"0.1075053896809496","undefined","0.001","hnlb14cx","4","0.6116417910447761","0.17283582089552238","ctsne","balmy-sweep-8"
"0.13522375979350124","undefined","0.001","hnlb14cx","9","0.6165837479270315","0.17618573797678275","ctsne","balmy-sweep-8"
"0.17165479307954776","undefined","0.001","hnlb14cx","20","0.6355820895522388","0.1844179104477612","ctsne","balmy-sweep-8"
"0.2080151963748774","undefined","0.001","hnlb14cx","41","0.6486494357480889","0.19008372770294868","ctsne","balmy-sweep-8"
"0.25149955243378164","undefined","0.001","hnlb14cx","87","0.6686018184937382","0.20051466803911477","ctsne","balmy-sweep-8"
"0.29917520280849486","undefined","0.001","hnlb14cx","183","0.6941848136367343","0.21531359595465296","ctsne","balmy-sweep-8"
"0.3441018809584676","undefined","0.001","hnlb14cx","385","0.7261066098081024","0.24271370420624153","ctsne","balmy-sweep-8"
"0.3785629986843107","undefined","0.001","hnlb14cx","811","0.7648328026942967","0.28620424388538196","ctsne","balmy-sweep-8"
"0.4072526926020274","undefined","0.001","hnlb14cx","1707","0.79660012765697","0.3479470835628536","ctsne","balmy-sweep-8"
"0.4559554334166741","undefined","0.001","hnlb14cx","3593","0.8179282269421055","0.4215285941569636","ctsne","balmy-sweep-8"
"0.4729493271465323","undefined","0.001","hnlb14cx","7562","0.8321180134766527","0.5241597618887841","ctsne","balmy-sweep-8"
"0.44840143515756203","undefined","0.001","hnlb14cx","15918","0.8472905731425796","0.6656843937118029","ctsne","balmy-sweep-8"
"0","undefined","0.001","hnlb14cx","33505","0.8411287296317833","0.8269466405476131","ctsne","balmy-sweep-8"
"0.07340518040171634","undefined","1e-10","hytcbgce","1","0.6041791044776119","0.16","ctsne","wobbly-sweep-15"
"0.0912890402775247","undefined","1e-10","hytcbgce","2","0.6131343283582089","0.17044776119402985","ctsne","wobbly-sweep-15"
"0.10675903192018772","undefined","1e-10","hytcbgce","4","0.6174626865671642","0.17477611940298507","ctsne","wobbly-sweep-15"
"0.13542281823903332","undefined","1e-10","hytcbgce","9","0.6228192371475954","0.18049751243781095","ctsne","wobbly-sweep-15"
"0.17177426738191973","undefined","1e-10","hytcbgce","20","0.6368955223880597","0.18567164179104478","ctsne","wobbly-sweep-15"
"0.208058933915346","undefined","1e-10","hytcbgce","41","0.6480378594830725","0.19180196578085185","ctsne","wobbly-sweep-15"
"0.2507083402907002","undefined","1e-10","hytcbgce","87","0.6683547778349631","0.20313604391833934","ctsne","wobbly-sweep-15"
"0.2973054356954572","undefined","1e-10","hytcbgce","183","0.6949123236277628","0.21847157654351196","ctsne","wobbly-sweep-15"
"0.3433441921298832","undefined","1e-10","hytcbgce","385","0.7261763907734057","0.24555766621438263","ctsne","wobbly-sweep-15"
"0.37819786553747975","undefined","1e-10","hytcbgce","811","0.7637823214384305","0.28800633086110755","ctsne","wobbly-sweep-15"
"0.4071273956801949","undefined","1e-10","hytcbgce","1707","0.7960971941697488","0.34869658736195996","ctsne","wobbly-sweep-15"
"0.4554959040914173","undefined","1e-10","hytcbgce","3593","0.8178059327631256","0.42303500587793014","ctsne","wobbly-sweep-15"
"0.4704667586765767","undefined","1e-10","hytcbgce","7562","0.8323142025919069","0.5254911635948794","ctsne","wobbly-sweep-15"
"0.44730693302490815","undefined","1e-10","hytcbgce","15918","0.8474672622563774","0.6659539093075895","ctsne","wobbly-sweep-15"
"0","undefined","1e-10","hytcbgce","33505","0.8411287296317833","0.8269466405476131","ctsne","wobbly-sweep-15"
"0.08116660608134114","undefined","1e-9","l8xqhmm1","1","0.6083582089552239","0.16835820895522388","ctsne","dandy-sweep-14"
"0.09248314140725201","undefined","1e-9","l8xqhmm1","2","0.6083582089552239","0.17432835820895523","ctsne","dandy-sweep-14"
"0.10541558795081635","undefined","1e-9","l8xqhmm1","4","0.611044776119403","0.17388059701492536","ctsne","dandy-sweep-14"
"0.13714799143364462","undefined","1e-9","l8xqhmm1","9","0.6214262023217247","0.17724709784411277","ctsne","dandy-sweep-14"
"0.17287940467886043","undefined","1e-9","l8xqhmm1","20","0.6354029850746269","0.18277611940298508","ctsne","dandy-sweep-14"
"0.20888994718424925","undefined","1e-9","l8xqhmm1","41","0.6482854022570076","0.1906807426283218","ctsne","dandy-sweep-14"
"0.25292373429132825","undefined","1e-9","l8xqhmm1","87","0.6668793961228341","0.20098130039457884","ctsne","dandy-sweep-14"
"0.3005332441853328","undefined","1e-9","l8xqhmm1","183","0.6927232689013947","0.2162629475572955","ctsne","dandy-sweep-14"
"0.345876096414221","undefined","1e-9","l8xqhmm1","385","0.724335723977515","0.2445311106803644","ctsne","dandy-sweep-14"
"0.37934909112025655","undefined","1e-9","l8xqhmm1","811","0.7629541564679684","0.2874696799602481","ctsne","dandy-sweep-14"
"0.4073702505963349","undefined","1e-9","l8xqhmm1","1707","0.7954756970857487","0.34731054743855416","ctsne","dandy-sweep-14"
"0.4549073938741382","undefined","1e-9","l8xqhmm1","3593","0.8172602614536557","0.421698077937615","ctsne","dandy-sweep-14"
"0.47047848429568484","undefined","1e-9","l8xqhmm1","7562","0.8319436143798332","0.5242846597480727","ctsne","dandy-sweep-14"
"0.4462257209690709","undefined","1e-9","l8xqhmm1","15918","0.8474943788408129","0.6659623480786794","ctsne","dandy-sweep-14"
"0","undefined","1e-9","l8xqhmm1","33505","0.8411287296317833","0.8269466405476131","ctsne","dandy-sweep-14"
"0.07758440961382201","undefined","1e-8","e0pryg6k","1","0.6059701492537314","0.16119402985074627","ctsne","eager-sweep-13"
"0.0933787172545475","undefined","1e-8","e0pryg6k","2","0.6044776119402985","0.16746268656716418","ctsne","eager-sweep-13"
"0.11034154917184473","undefined","1e-8","e0pryg6k","4","0.6137313432835821","0.17253731343283582","ctsne","eager-sweep-13"
"0.13475929008725973","undefined","1e-8","e0pryg6k","9","0.6213598673300166","0.1770480928689884","ctsne","eager-sweep-13"
"0.1723119017425936","undefined","1e-8","e0pryg6k","20","0.6372835820895523","0.1842686567164179","ctsne","eager-sweep-13"
"0.20837967587878234","undefined","1e-8","e0pryg6k","41","0.6485329450309428","0.1892246086639971","ctsne","eager-sweep-13"
"0.25238708605515126","undefined","1e-8","e0pryg6k","87","0.6668107737176188","0.19967747469548808","ctsne","eager-sweep-13"
"0.2992768918970987","undefined","1e-8","e0pryg6k","183","0.6935812739580784","0.21597912078949516","ctsne","eager-sweep-13"
"0.34417561051321593","undefined","1e-8","e0pryg6k","385","0.7251157201007947","0.24420391548749756","ctsne","eager-sweep-13"
"0.3778463117225558","undefined","1e-8","e0pryg6k","811","0.7638647698621566","0.28782891952076856","ctsne","eager-sweep-13"
"0.4054001407606982","undefined","1e-8","e0pryg6k","1707","0.7963829359354371","0.3491593001600084","ctsne","eager-sweep-13"
"0.45430343572895454","undefined","1e-8","e0pryg6k","3593","0.8179087861555013","0.42300758938400124","ctsne","eager-sweep-13"
"0.4704050717238774","undefined","1e-8","e0pryg6k","7562","0.832163567247076","0.5252671053618446","ctsne","eager-sweep-13"
"0.4446891451522071","undefined","1e-8","e0pryg6k","15918","0.847410778748549","0.6663679341700843","ctsne","eager-sweep-13"
"0","undefined","1e-8","e0pryg6k","33505","0.8411287296317833","0.8269466405476131","ctsne","eager-sweep-13"
"0.08176363882592767","undefined","1e-20","yp0d178n","1","0.5904477611940299","0.16597014925373135","ctsne","dry-sweep-16"
"0.09218461612482019","undefined","1e-20","yp0d178n","2","0.602089552238806","0.17044776119402985","ctsne","dry-sweep-16"
"0.10974446296323523","undefined","1e-20","yp0d178n","4","0.6095522388059702","0.17119402985074628","ctsne","dry-sweep-16"
"0.13608634639080688","undefined","1e-20","yp0d178n","9","0.6188391376451078","0.1767827529021559","ctsne","dry-sweep-16"
"0.17270019322530247","undefined","1e-20","yp0d178n","20","0.6336716417910447","0.18507462686567164","ctsne","dry-sweep-16"
"0.2092106891476856","undefined","1e-20","yp0d178n","41","0.6472515471423371","0.19204950855478703","ctsne","dry-sweep-16"
"0.25298565524165634","undefined","1e-20","yp0d178n","87","0.6652050094355807","0.2019077028649854","ctsne","dry-sweep-16"
"0.30046107773535585","undefined","1e-20","yp0d178n","183","0.6914607291411794","0.21767555664301444","ctsne","dry-sweep-16"
"0.34464308726459925","undefined","1e-20","yp0d178n","385","0.7242178716805583","0.24538709052141888","ctsne","dry-sweep-16"
"0.3782325682745753","undefined","1e-20","yp0d178n","811","0.7630211458122458","0.2885908312935937","ctsne","dry-sweep-16"
"0.4068513739318051","undefined","1e-20","yp0d178n","1707","0.7959635915326706","0.3504442637427974","ctsne","dry-sweep-16"
"0.4561380167573289","undefined","1e-20","yp0d178n","3593","0.8171065629270846","0.4231813933394536","ctsne","dry-sweep-16"
"0.4714676167388851","undefined","1e-20","yp0d178n","7562","0.8318825865383477","0.5258575674918189","ctsne","dry-sweep-16"
"0.44611204079587247","undefined","1e-20","yp0d178n","15918","0.8474948289086044","0.6662713196175174","ctsne","dry-sweep-16"
"0","undefined","1e-20","yp0d178n","33505","0.8411287296317833","0.8269466405476131","ctsne","dry-sweep-16"
"0.07459924589088938","undefined","0.000001","2rxyqypd","1","0.6131343283582089","0.16716417910447762","ctsne","whole-sweep-11"
"0.08591558519375186","undefined","0.000001","2rxyqypd","2","0.6095522388059702","0.16716417910447762","ctsne","whole-sweep-11"
"0.10541558795081635","undefined","0.000001","2rxyqypd","4","0.6104477611940299","0.17","ctsne","whole-sweep-11"
"0.13847504773719174","undefined","0.000001","2rxyqypd","9","0.6175124378109452","0.17684908789386403","ctsne","whole-sweep-11"
"0.17296901040563942","undefined","0.000001","2rxyqypd","20","0.6351940298507462","0.18397014925373134","ctsne","whole-sweep-11"
"0.20942937685002855","undefined","0.000001","2rxyqypd","41","0.6474262832180561","0.18989443028758646","ctsne","whole-sweep-11"
"0.2527586117571199","undefined","0.000001","2rxyqypd","87","0.6663921770458054","0.2019763252702007","ctsne","whole-sweep-11"
"0.3005266835989712","undefined","0.000001","2rxyqypd","183","0.692768942174374","0.21683386346953756","ctsne","whole-sweep-11"
"0.3457521680136865","undefined","0.000001","2rxyqypd","385","0.7240364411707695","0.24385035859662726","ctsne","whole-sweep-11"
"0.37954448261825086","undefined","0.000001","2rxyqypd","811","0.7625779855347186","0.28694112667243316","ctsne","whole-sweep-11"
"0.4072862279546355","undefined","0.000001","2rxyqypd","1707","0.7959342129423183","0.3484874397782616","ctsne","whole-sweep-11"
"0.45503395521118745","undefined","0.000001","2rxyqypd","3593","0.8176317964865347","0.4222472386190395","ctsne","whole-sweep-11"
"0.46977851581588187","undefined","0.000001","2rxyqypd","7562","0.8322957284458428","0.5248193836424858","ctsne","whole-sweep-11"
"0.44554978480410784","undefined","0.000001","2rxyqypd","15918","0.847730926970875","0.6663768230089657","ctsne","whole-sweep-11"
"0","undefined","0.000001","2rxyqypd","33505","0.8411287296317833","0.8269466405476131","ctsne","whole-sweep-11"
"0.07758440961382201","undefined","0.01","7coddjzz","1","0.6059701492537314","0.16895522388059703","ctsne","morning-sweep-7"
"0.0945728183842748","undefined","0.01","7coddjzz","2","0.611044776119403","0.16776119402985074","ctsne","morning-sweep-7"
"0.1092966483067781","undefined","0.01","7coddjzz","4","0.6152238805970149","0.17194029850746267","ctsne","morning-sweep-7"
"0.13462658445690504","undefined","0.01","7coddjzz","9","0.6216915422885572","0.17698175787728027","ctsne","morning-sweep-7"
"0.17123663302124587","undefined","0.01","7coddjzz","20","0.6351641791044776","0.1834626865671642","ctsne","morning-sweep-7"
"0.20784024621300304","undefined","0.01","7coddjzz","41","0.6471496177648344","0.18797233345467784","ctsne","morning-sweep-7"
"0.2509078633528686","undefined","0.01","7coddjzz","87","0.6670235031737862","0.19994510207582775","ctsne","morning-sweep-7"
"0.2985781894495952","undefined","0.01","7coddjzz","183","0.6926482342386429","0.21453715031400375","ctsne","morning-sweep-7"
"0.3451968432821775","undefined","0.01","7coddjzz","385","0.723716999418492","0.24264082186470246","ctsne","morning-sweep-7"
"0.3797972090731854","undefined","0.01","7coddjzz","811","0.7621517566299206","0.2855991313469643","ctsne","morning-sweep-7"
"0.4087068739360009","undefined","0.01","7coddjzz","1707","0.7952536089324904","0.34621514571256196","ctsne","morning-sweep-7"
"0.45569170192461694","undefined","0.01","7coddjzz","3593","0.8172695664455346","0.4221394004095858","ctsne","morning-sweep-7"
"0.4713534194049623","undefined","0.01","7coddjzz","7562","0.8316617652283412","0.524289949353997","ctsne","morning-sweep-7"
"0.44667922697742407","undefined","0.01","7coddjzz","15918","0.8474286314376103","0.6655360588688671","ctsne","morning-sweep-7"
"0","undefined","0.01","7coddjzz","33505","0.8411287296317833","0.8269466405476131","ctsne","morning-sweep-7"
"0.08474880254886029","undefined","0.1","o6hu332r","1","0.5683582089552239","0.1474626865671642","ctsne","summer-sweep-6"
"0.0945728183842748","undefined","0.1","o6hu332r","2","0.5752238805970149","0.1471641791044776","ctsne","summer-sweep-6"
"0.11078936382830186","undefined","0.1","o6hu332r","4","0.5855223880597015","0.1546268656716418","ctsne","summer-sweep-6"
"0.1424562166478332","undefined","0.1","o6hu332r","9","0.5968822553897181","0.15920398009950248","ctsne","summer-sweep-6"
"0.1818101087811651","undefined","0.1","o6hu332r","20","0.6074925373134329","0.16211940298507463","ctsne","summer-sweep-6"
"0.2201742326251462","undefined","0.1","o6hu332r","41","0.6207062249726975","0.16933381871132144","ctsne","summer-sweep-6"
"0.2671173921276499","undefined","0.1","o6hu332r","87","0.6409813003945788","0.18027792074112198","ctsne","summer-sweep-6"
"0.31763013224349473","undefined","0.1","o6hu332r","183","0.6658804338960933","0.19807846015822528","ctsne","summer-sweep-6"
"0.3639978797430128","undefined","0.1","o6hu332r","385","0.6982050785035859","0.22784725722039154","ctsne","summer-sweep-6"
"0.3996924391315015","undefined","0.1","o6hu332r","811","0.7417258957984431","0.27061633877468394","ctsne","summer-sweep-6"
"0.41951004824046983","undefined","0.1","o6hu332r","1707","0.7843475067544526","0.3380174697689059","ctsne","summer-sweep-6"
"0.4604850264457444","undefined","0.1","o6hu332r","3593","0.8111300995717211","0.42087990329454866","ctsne","summer-sweep-6"
"0.4732576599481236","undefined","0.1","o6hu332r","7562","0.8310043540562199","0.5259185953333044","ctsne","summer-sweep-6"
"0.4289205404615755","undefined","0.1","o6hu332r","15918","0.8485058686964724","0.6674796766262918","ctsne","summer-sweep-6"
"0","undefined","0.1","o6hu332r","33505","0.8411287296317833","0.8269466405476131","ctsne","summer-sweep-6"
"0.0799725405921681","1e-7","undefined","7retn8bm","1","0.5928358208955223","0.1474626865671642","fastctsne","scarlet-sweep-11"
"0.09188609084238837","1e-7","undefined","7retn8bm","2","0.5976119402985075","0.14597014925373133","fastctsne","scarlet-sweep-11"
"0.10377360087714022","1e-7","undefined","7retn8bm","4","0.597313432835821","0.14776119402985075","fastctsne","scarlet-sweep-11"
"0.12931835924271645","1e-7","undefined","7retn8bm","9","0.6023217247097844","0.14600331674958542","fastctsne","scarlet-sweep-11"
"0.178345354012378","1e-7","undefined","7retn8bm","20","0.5982388059701492","0.14546268656716418","fastctsne","scarlet-sweep-11"
"0.23007349595120435","1e-7","undefined","7retn8bm","41","0.5993156170367674","0.14645795413178012","fastctsne","scarlet-sweep-11"
"0.2939222835141304","1e-7","undefined","7retn8bm","87","0.6037330588437124","0.1499811288385658","fastctsne","scarlet-sweep-11"
"0.364492400623944","1e-7","undefined","7retn8bm","183","0.6158975613734605","0.15583720740559498","fastctsne","scarlet-sweep-11"
"0.4309945143003222","1e-7","undefined","7retn8bm","385","0.6411537119596821","0.1696871486722233","fastctsne","scarlet-sweep-11"
"0.4817244287739673","1e-7","undefined","7retn8bm","811","0.6737066823711283","0.20393985681947843","fastctsne","scarlet-sweep-11"
"0.49866564156742815","1e-7","undefined","7retn8bm","1707","0.7174849828187708","0.2558459022986998","fastctsne","scarlet-sweep-11"
"0.5177216466478195","1e-7","undefined","7retn8bm","3593","0.7651652674562063","0.35127889636149895","fastctsne","scarlet-sweep-11"
"0.5288918480638257","1e-7","undefined","7retn8bm","7562","0.8068197231246571","0.4808998646018782","fastctsne","scarlet-sweep-11"
"0.43214517039019973","1e-7","undefined","7retn8bm","15918","0.840554858575573","0.6572001282693206","fastctsne","scarlet-sweep-11"
"0","1e-7","undefined","7retn8bm","33505","0.8411287296317833","0.8269466405476131","fastctsne","scarlet-sweep-11"
"0.07400221314630287","0.000001","undefined","lx3ko44v","1","0.6065671641791045","0.13373134328358208","fastctsne","lemon-sweep-10"
"0.08710968632347917","0.000001","undefined","lx3ko44v","2","0.6041791044776119","0.13582089552238805","fastctsne","lemon-sweep-10"
"0.10720684657664484","0.000001","undefined","lx3ko44v","4","0.6025373134328358","0.1391044776119403","fastctsne","lemon-sweep-10"
"0.1323042359256975","0.000001","undefined","lx3ko44v","9","0.5987396351575456","0.1429519071310116","fastctsne","lemon-sweep-10"
"0.17849469689034297","0.000001","undefined","lx3ko44v","20","0.597044776119403","0.14507462686567163","fastctsne","lemon-sweep-10"
"0.23129814708432497","0.000001","undefined","lx3ko44v","41","0.5987768474699673","0.14590462322533673","fastctsne","lemon-sweep-10"
"0.29505062083122047","0.000001","undefined","lx3ko44v","87","0.6037536455652771","0.148327328872877","fastctsne","lemon-sweep-10"
"0.36525014834870134","0.000001","undefined","lx3ko44v","183","0.6160900415953022","0.15406899926596526","fastctsne","lemon-sweep-10"
"0.43203770906431516","0.000001","undefined","lx3ko44v","385","0.6406001163016088","0.16757976352006201","fastctsne","lemon-sweep-10"
"0.48281982821446007","0.000001","undefined","lx3ko44v","811","0.6749507701934225","0.2042453576752489","fastctsne","lemon-sweep-10"
"0.4995438255813305","0.000001","undefined","lx3ko44v","1707","0.7200052461768486","0.25508135945929405","fastctsne","lemon-sweep-10"
"0.5286321644995324","0.000001","undefined","lx3ko44v","3593","0.7645984937544396","0.34898853907473487","fastctsne","lemon-sweep-10"
"0.5386162608568711","0.000001","undefined","lx3ko44v","7562","0.8090047251181279","0.4762622223450323","fastctsne","lemon-sweep-10"
"0.4560713814251938","0.000001","undefined","lx3ko44v","15918","0.8334466003941844","0.6609034360800595","fastctsne","lemon-sweep-10"
"0","0.000001","undefined","lx3ko44v","33505","0.8411287296317833","0.8269466405476131","fastctsne","lemon-sweep-10"
"0.07340518040171634","1e-30","undefined","exdhdc69","1","0.6179104477611941","0.1373134328358209","fastctsne","distinctive-sweep-16"
"0.08621411047618369","1e-30","undefined","exdhdc69","2","0.6140298507462687","0.14417910447761195","fastctsne","distinctive-sweep-16"
"0.1039228724292926","1e-30","undefined","exdhdc69","4","0.6052238805970149","0.14373134328358209","fastctsne","distinctive-sweep-16"
"0.13256964718640693","1e-30","undefined","exdhdc69","9","0.6009286898839138","0.14454394693200665","fastctsne","distinctive-sweep-16"
"0.178434959739157","1e-30","undefined","exdhdc69","20","0.5978507462686568","0.1472537313432836","fastctsne","distinctive-sweep-16"
"0.22890716153870858","1e-30","undefined","exdhdc69","41","0.5987331634510374","0.1473461958500182","fastctsne","distinctive-sweep-16"
"0.2936470792904499","1e-30","undefined","exdhdc69","87","0.604192828958655","0.15046834791559444","fastctsne","distinctive-sweep-16"
"0.36459408971254775","1e-30","undefined","exdhdc69","183","0.6161846505179023","0.15753690563575565","fastctsne","distinctive-sweep-16"
"0.4332864053532451","1e-30","undefined","exdhdc69","385","0.6400744330296569","0.1729187827098275","fastctsne","distinctive-sweep-16"
"0.48295863916284204","1e-30","undefined","exdhdc69","811","0.6716013029795536","0.2086887387967683","fastctsne","distinctive-sweep-16"
"0.5037136334358441","1e-30","undefined","exdhdc69","1707","0.7163731430719863","0.2560970192971872","fastctsne","distinctive-sweep-16"
"0.5300476041587378","1e-30","undefined","exdhdc69","3593","0.762836028596234","0.3486367771495985","fastctsne","distinctive-sweep-16"
"0.5441002819327935","1e-30","undefined","exdhdc69","7562","0.8114427597532043","0.4771260070975459","fastctsne","distinctive-sweep-16"
"0.4475275768808707","1e-30","undefined","exdhdc69","15918","0.8419186765006479","0.6568459249174406","fastctsne","distinctive-sweep-16"
"0","1e-30","undefined","exdhdc69","33505","0.8411287296317833","0.8269466405476131","fastctsne","distinctive-sweep-16"
"0.06564375472209155","1e-8","undefined","h5b2f1nu","1","0.608955223880597","0.13134328358208955","fastctsne","swept-sweep-12"
"0.08651263575861551","1e-8","undefined","h5b2f1nu","2","0.6125373134328358","0.14059701492537313","fastctsne","swept-sweep-12"
"0.10511704484651159","1e-8","undefined","h5b2f1nu","4","0.6038805970149254","0.14208955223880598","fastctsne","swept-sweep-12"
"0.13190611903463337","1e-8","undefined","h5b2f1nu","9","0.5990713101160863","0.14182421227197348","fastctsne","swept-sweep-12"
"0.18007773139677155","1e-8","undefined","h5b2f1nu","20","0.598089552238806","0.14432835820895523","fastctsne","swept-sweep-12"
"0.23137104298510597","1e-8","undefined","h5b2f1nu","41","0.5988496541681835","0.14495813614852565","fastctsne","swept-sweep-12"
"0.29533958526608495","1e-8","undefined","h5b2f1nu","87","0.6031909418425115","0.14761365585863784","fastctsne","swept-sweep-12"
"0.36492211903062455","1e-8","undefined","h5b2f1nu","183","0.6164097545061578","0.15386020716091672","fastctsne","swept-sweep-12"
"0.43065253466340425","1e-8","undefined","h5b2f1nu","385","0.6406280286877302","0.16926691219228532","fastctsne","swept-sweep-12"
"0.48107790169373155","1e-8","undefined","h5b2f1nu","811","0.6752260890369362","0.20469661556582072","fastctsne","swept-sweep-12"
"0.5015253595480755","1e-8","undefined","h5b2f1nu","1707","0.7187353216343589","0.2543357028565433","fastctsne","swept-sweep-12"
"0.5262965494721336","1e-8","undefined","h5b2f1nu","3593","0.7646892174252589","0.3487608990948403","fastctsne","swept-sweep-12"
"0.5353452209733225","1e-8","undefined","h5b2f1nu","7562","0.8095181326901594","0.47628685453978453","fastctsne","swept-sweep-12"
"0.43148302446623427","1e-8","undefined","h5b2f1nu","15918","0.8412719290843184","0.6560204630822518","fastctsne","swept-sweep-12"
"0","1e-8","undefined","h5b2f1nu","33505","0.8411287296317833","0.8269466405476131","fastctsne","swept-sweep-12"
"0.07698737686923549","1e-10","undefined","9lpqzbrg","1","0.6083582089552239","0.1391044776119403","fastctsne","ethereal-sweep-14"
"0.08382590821672908","1e-10","undefined","9lpqzbrg","2","0.6086567164179104","0.1444776119402985","fastctsne","ethereal-sweep-14"
"0.10556485950296872","1e-10","undefined","9lpqzbrg","4","0.6016417910447761","0.14432835820895523","fastctsne","ethereal-sweep-14"
"0.13197247184981073","1e-10","undefined","9lpqzbrg","9","0.6009286898839138","0.14553897180762854","fastctsne","ethereal-sweep-14"
"0.1779869311052621","1e-10","undefined","9lpqzbrg","20","0.5989253731343284","0.1464776119402985","fastctsne","ethereal-sweep-14"
"0.23001517923057957","1e-10","undefined","9lpqzbrg","41","0.5977575536949399","0.14685111030214779","fastctsne","ethereal-sweep-14"
"0.2949542993529323","1e-10","undefined","9lpqzbrg","87","0.6023606107394064","0.14902041516555156","fastctsne","ethereal-sweep-14"
"0.3657028288076473","1e-10","undefined","9lpqzbrg","183","0.6149938830437974","0.1556577766903189","fastctsne","ethereal-sweep-14"
"0.43335072262440855","1e-10","undefined","9lpqzbrg","385","0.6392944369063772","0.16918627641015702","fastctsne","ethereal-sweep-14"
"0.4816557777071045","1e-10","undefined","9lpqzbrg","811","0.6711286968364099","0.2021944531350645","fastctsne","ethereal-sweep-14"
"0.49950255130119753","1e-10","undefined","9lpqzbrg","1707","0.7175077162517816","0.25275100770313635","fastctsne","ethereal-sweep-14"
"0.5244722050224913","1e-10","undefined","9lpqzbrg","3593","0.7666384470633196","0.3484455263343732","fastctsne","ethereal-sweep-14"
"0.5413162121089009","1e-10","undefined","9lpqzbrg","7562","0.817414566943121","0.47582792201383983","fastctsne","ethereal-sweep-14"
"0.45631546154565","1e-10","undefined","9lpqzbrg","15918","0.8446884311949487","0.6563118819772228","fastctsne","ethereal-sweep-14"
"0","1e-10","undefined","9lpqzbrg","33505","0.8411287296317833","0.8269466405476131","fastctsne","ethereal-sweep-14"
"0.07818144235840853","1e-20","undefined","lm88w6a0","1","0.6155223880597015","0.14507462686567163","fastctsne","gentle-sweep-15"
"0.08054213010997902","1e-20","undefined","lm88w6a0","2","0.6092537313432835","0.14388059701492537","fastctsne","gentle-sweep-15"
"0.10317651466853071","1e-20","undefined","lm88w6a0","4","0.6065671641791045","0.14537313432835822","fastctsne","gentle-sweep-15"
"0.1314416493283919","1e-20","undefined","lm88w6a0","9","0.6033830845771144","0.14487562189054726","fastctsne","gentle-sweep-15"
"0.17954009703609772","1e-20","undefined","lm88w6a0","20","0.5966268656716418","0.1471044776119403","fastctsne","gentle-sweep-15"
"0.22960696218620605","1e-20","undefined","lm88w6a0","41","0.5984419366581726","0.1468802329814343","fastctsne","gentle-sweep-15"
"0.2944107710111633","1e-20","undefined","lm88w6a0","87","0.6026831360439183","0.15046148567507292","fastctsne","gentle-sweep-15"
"0.36471546056023624","1e-20","undefined","lm88w6a0","183","0.6160411059456814","0.15675719761846504","fastctsne","gentle-sweep-15"
"0.4328408905968932","1e-20","undefined","lm88w6a0","385","0.6396262841635976","0.1706330684241132","fastctsne","gentle-sweep-15"
"0.4817025509614506","1e-20","undefined","lm88w6a0","811","0.6714975063032556","0.20313966542135192","fastctsne","gentle-sweep-15"
"0.5014944038379756","1e-20","undefined","lm88w6a0","1707","0.7163472619328665","0.2538208780351319","fastctsne","gentle-sweep-15"
"0.5282807706696074","1e-20","undefined","lm88w6a0","3593","0.7672419422508941","0.3485075042267095","fastctsne","gentle-sweep-15"
"0.5379136413675306","1e-20","undefined","lm88w6a0","7562","0.8154417807813616","0.47602332163567246","fastctsne","gentle-sweep-15"
"0.44699597380821476","1e-20","undefined","lm88w6a0","15918","0.8433620064022144","0.656761949768684","fastctsne","gentle-sweep-15"
"0","1e-20","undefined","lm88w6a0","33505","0.8411287296317833","0.8269466405476131","fastctsne","gentle-sweep-15"
"0.07877847510299506","0.0001","undefined","vsece03l","1","0.604776119402985","0.12895522388059702","fastctsne","stilted-sweep-8"
"0.08591558519375186","0.0001","undefined","vsece03l","2","0.595820895522388","0.1355223880597015","fastctsne","stilted-sweep-8"
"0.1081024758895591","0.0001","undefined","vsece03l","4","0.6011940298507462","0.1353731343283582","fastctsne","stilted-sweep-8"
"0.13814328366130496","0.0001","undefined","vsece03l","9","0.5955555555555555","0.13771144278606964","fastctsne","stilted-sweep-8"
"0.18324380040962873","0.0001","undefined","vsece03l","20","0.5923582089552238","0.1378507462686567","fastctsne","stilted-sweep-8"
"0.23492836294321817","0.0001","undefined","vsece03l","41","0.5958645795413178","0.1383036039315617","fastctsne","stilted-sweep-8"
"0.2993713271430043","0.0001","undefined","vsece03l","87","0.600555841482244","0.14048378795676789","fastctsne","stilted-sweep-8"
"0.36988848290630705","0.0001","undefined","vsece03l","183","0.6146513334964522","0.14668950330315636","fastctsne","stilted-sweep-8"
"0.43497277282887276","0.0001","undefined","vsece03l","385","0.6426299670478774","0.1610110486528397","fastctsne","stilted-sweep-8"
"0.4793088165091892","0.0001","undefined","vsece03l","811","0.6787087987927195","0.19262086607652246","fastctsne","stilted-sweep-8"
"0.49305160242861595","0.0001","undefined","vsece03l","1707","0.725440984882267","0.24966870393200954","fastctsne","stilted-sweep-8"
"0.5236266636192342","0.0001","undefined","vsece03l","3593","0.7678931255218481","0.3461855764317849","fastctsne","stilted-sweep-8"
"0.5457260645126127","0.0001","undefined","vsece03l","7562","0.8118374275146353","0.47935814184828307","fastctsne","stilted-sweep-8"
"0.4776986235270287","0.0001","undefined","vsece03l","15918","0.8350151991643742","0.6670716901733323","fastctsne","stilted-sweep-8"
"0","0.0001","undefined","vsece03l","33505","0.8411287296317833","0.8269466405476131","fastctsne","stilted-sweep-8"
"0.07340518040171634","1e-9","undefined","i90hq046","1","0.6173134328358209","0.14328358208955225","fastctsne","wise-sweep-13"
"0.08561705991132004","1e-9","undefined","i90hq046","2","0.6125373134328358","0.14776119402985075","fastctsne","wise-sweep-13"
"0.0985490965518071","1e-9","undefined","i90hq046","4","0.6026865671641791","0.1435820895522388","fastctsne","wise-sweep-13"
"0.12726142197221835","1e-9","undefined","i90hq046","9","0.5976119402985075","0.14613598673300165","fastctsne","wise-sweep-13"
"0.17664284520357745","1e-9","undefined","i90hq046","20","0.5967164179104477","0.14674626865671642","fastctsne","wise-sweep-13"
"0.2282656776118359","1e-9","undefined","i90hq046","41","0.5959082635602475","0.14749180924645067","fastctsne","wise-sweep-13"
"0.2932617933772972","1e-9","undefined","i90hq046","87","0.6028615542974781","0.1505712815234174","fastctsne","wise-sweep-13"
"0.36372153172646354","1e-9","undefined","i90hq046","183","0.6147720414321833","0.15658429165647175","fastctsne","wise-sweep-13"
"0.43087686075551096","1e-9","undefined","i90hq046","385","0.6391951928668347","0.17008877689474705","fastctsne","wise-sweep-13"
"0.48074596246933987","1e-9","undefined","i90hq046","811","0.6714599628245946","0.20361300771113605","fastctsne","wise-sweep-13"
"0.4942669825703911","1e-9","undefined","i90hq046","1707","0.7180291862305345","0.2555374271000009","fastctsne","wise-sweep-13"
"0.5155557727077574","1e-9","undefined","i90hq046","3593","0.7688244555125846","0.34936223419501433","fastctsne","wise-sweep-13"
"0.5324659187298908","1e-9","undefined","i90hq046","7562","0.8168596320171162","0.47651604448005935","fastctsne","wise-sweep-13"
"0.413768352398337","1e-9","undefined","i90hq046","15918","0.8411015784252504","0.6589315765687207","fastctsne","wise-sweep-13"
"0","1e-9","undefined","i90hq046","33505","0.8411287296317833","0.8269466405476131","fastctsne","wise-sweep-13"
"0.08355473705968723","0.00001","undefined","36oryqw1","1","0.5988059701492537","0.12895522388059702","fastctsne","cosmic-sweep-9"
"0.08949788858293375","0.00001","undefined","36oryqw1","2","0.6062686567164179","0.14208955223880598","fastctsne","cosmic-sweep-9"
"0.10616194571157822","0.00001","undefined","36oryqw1","4","0.5988059701492537","0.1444776119402985","fastctsne","cosmic-sweep-9"
"0.13555552386938804","0.00001","undefined","36oryqw1","9","0.5953565505804311","0.14454394693200665","fastctsne","cosmic-sweep-9"
"0.1802868114259225","0.00001","undefined","36oryqw1","20","0.594776119402985","0.1462089552238806","fastctsne","cosmic-sweep-9"
"0.23215831871354065","0.00001","undefined","36oryqw1","41","0.5938696760101929","0.14693847834000728","fastctsne","cosmic-sweep-9"
"0.29698393050257593","0.00001","undefined","36oryqw1","87","0.5989432149596844","0.1491713844570252","fastctsne","cosmic-sweep-9"
"0.36713631692764287","0.00001","undefined","36oryqw1","183","0.6125666748226083","0.15489111817959383","fastctsne","cosmic-sweep-9"
"0.4348049204382754","0.00001","undefined","36oryqw1","385","0.6376817212638108","0.16804031789106416","fastctsne","cosmic-sweep-9"
"0.4829080938718552","0.00001","undefined","36oryqw1","811","0.6693258737140438","0.2024071995141432","fastctsne","cosmic-sweep-9"
"0.5024304455481361","0.00001","undefined","36oryqw1","1707","0.714719897874424","0.2537117575566806","fastctsne","cosmic-sweep-9"
"0.5317304977022663","0.00001","undefined","36oryqw1","3593","0.7646340521162626","0.3489215763653206","fastctsne","cosmic-sweep-9"
"0.546693988879513","0.00001","undefined","36oryqw1","7562","0.8139029791534262","0.47470155174932005","fastctsne","cosmic-sweep-9"
"0.457647684568455","0.00001","undefined","36oryqw1","15918","0.8449331555565557","0.6572516985370922","fastctsne","cosmic-sweep-9"
"0","0.00001","undefined","36oryqw1","33505","0.8411287296317833","0.8269466405476131","fastctsne","cosmic-sweep-9"
"0.08176363882592767","undefined","0.2","umc93xto","1","0.5301492537313433","0.13074626865671643","ctsne","driven-sweep-5"
"0.10382710213966136","undefined","0.2","umc93xto","2","0.5382089552238806","0.13044776119402984","ctsne","driven-sweep-5"
"0.12452234662632035","undefined","0.2","umc93xto","4","0.5471641791044776","0.1326865671641791","ctsne","driven-sweep-5"
"0.15466513464046697","undefined","0.2","umc93xto","9","0.557943615257048","0.1334660033167496","ctsne","driven-sweep-5"
"0.19169660730244553","undefined","0.2","umc93xto","20","0.5740597014925373","0.14235820895522389","ctsne","driven-sweep-5"
"0.23354334082837938","undefined","0.2","umc93xto","41","0.5875500546050236","0.14896250455041865","ctsne","driven-sweep-5"
"0.28453781948662543","undefined","0.2","umc93xto","87","0.6057231085949563","0.15856579173100016","ctsne","driven-sweep-5"
"0.3379548287915322","undefined","0.2","umc93xto","183","0.6336873011989235","0.17458282358698313","ctsne","driven-sweep-5"
"0.38550337902057563","undefined","0.2","umc93xto","385","0.6698398914518318","0.20455126962589648","ctsne","driven-sweep-5"
"0.4194548935000608","undefined","0.2","umc93xto","811","0.7166431713197269","0.2534825257191233","ctsne","driven-sweep-5"
"0.43689425910401103","undefined","0.2","umc93xto","1707","0.7657665975920048","0.3198793379324817","ctsne","driven-sweep-5"
"0.4736529890872669","undefined","0.2","umc93xto","3593","0.804772962352169","0.40980928920662485","ctsne","driven-sweep-5"
"0.4855080769827772","undefined","0.2","umc93xto","7562","0.8294646839855206","0.5237899631701319","ctsne","driven-sweep-5"
"0.3949335983725158","undefined","0.2","umc93xto","15918","0.848085542884897","0.6690032311116862","ctsne","driven-sweep-5"
"0","undefined","0.2","umc93xto","33505","0.8411287296317833","0.8269466405476131","ctsne","driven-sweep-5"
"0.14385504426292606","1e-30","undefined","1fd265as","1","0.604776119402985","0.14388059701492537","fastctsne","distinctive-sweep-16"
"0.15696460241252622","1e-30","undefined","1fd265as","2","0.6011940298507462","0.1426865671641791","fastctsne","distinctive-sweep-16"
"0.1588548036213666","1e-30","undefined","1fd265as","4","0.5949253731343284","0.14134328358208956","fastctsne","distinctive-sweep-16"
"0.17649521083381753","1e-30","undefined","1fd265as","9","0.5874626865671642","0.14693200663349917","fastctsne","distinctive-sweep-16"
"0.20576470640674482","1e-30","undefined","1fd265as","20","0.581820895522388","0.1457910447761194","fastctsne","distinctive-sweep-16"
"0.24357381677584336","1e-30","undefined","1fd265as","41","0.5846086639970878","0.1479286494357481","fastctsne","distinctive-sweep-16"
"0.29485797787464413","1e-30","undefined","1fd265as","87","0.5942700291645222","0.15062617944758963","fastctsne","distinctive-sweep-16"
"0.35630806913792823","1e-30","undefined","1fd265as","183","0.6118652638447108","0.15796427697577686","fastctsne","distinctive-sweep-16"
"0.41777182457747025","1e-30","undefined","1fd265as","385","0.6407613878658655","0.17163326226012793","fastctsne","distinctive-sweep-16"
"0.46914544098417654","1e-30","undefined","1fd265as","811","0.6771466956217679","0.20568378821061156","fastctsne","distinctive-sweep-16"
"0.4873480128427294","1e-30","undefined","1fd265as","1707","0.7277377611065936","0.26501027376299524","fastctsne","distinctive-sweep-16"
"0.5020797821062107","1e-30","undefined","1fd265as","3593","0.7770254765692828","0.35891131595016845","fastctsne","distinctive-sweep-16"
"0.4929126525067068","1e-30","undefined","1fd265as","7562","0.8166765484926597","0.4907172942481457","fastctsne","distinctive-sweep-16"
"0.40955103947395904","1e-30","undefined","1fd265as","15918","0.8387398476895582","0.6688437945965611","fastctsne","distinctive-sweep-16"
"0","1e-30","undefined","1fd265as","33505","0.8411287296317833","0.8269466405476131","fastctsne","distinctive-sweep-16"
"0.15101943719796435","1e-8","undefined","jz89gqis","1","0.6101492537313433","0.1391044776119403","fastctsne","avid-sweep-12"
"0.14920294506929874","1e-8","undefined","jz89gqis","2","0.6","0.14059701492537313","fastctsne","avid-sweep-12"
"0.1536302992960335","1e-8","undefined","jz89gqis","4","0.5974626865671642","0.14507462686567163","fastctsne","avid-sweep-12"
"0.17417286230261003","1e-8","undefined","jz89gqis","9","0.5844776119402985","0.1467993366500829","fastctsne","avid-sweep-12"
"0.2031960089057475","1e-8","undefined","jz89gqis","20","0.5804776119402985","0.14623880597014927","fastctsne","avid-sweep-12"
"0.24157646909444427","1e-8","undefined","jz89gqis","41","0.583443756825628","0.14804514015289408","fastctsne","avid-sweep-12"
"0.29429380921609904","1e-8","undefined","jz89gqis","87","0.5928426831360439","0.15094870475210156","fastctsne","avid-sweep-12"
"0.35546175349729014","1e-8","undefined","jz89gqis","183","0.6107266943968681","0.15864611369382595","fastctsne","avid-sweep-12"
"0.41364610693942294","1e-8","undefined","jz89gqis","385","0.6439278930025198","0.17661562318278737","fastctsne","avid-sweep-12"
"0.4576550629689251","1e-8","undefined","jz89gqis","811","0.6855395034690911","0.21847948911423157","fastctsne","avid-sweep-12"
"0.4780141292069256","1e-8","undefined","jz89gqis","1707","0.7303577018247952","0.2735625912616181","fastctsne","avid-sweep-12"
"0.48242983169201975","1e-8","undefined","jz89gqis","3593","0.7767980027499575","0.3694470591656247","fastctsne","avid-sweep-12"
"0.5126695050086729","1e-8","undefined","jz89gqis","7562","0.8160814283514982","0.4985361212977693","fastctsne","avid-sweep-12"
"0.4637724093240899","1e-8","undefined","jz89gqis","15918","0.8451179833962491","0.6695179586425205","fastctsne","avid-sweep-12"
"0","1e-8","undefined","jz89gqis","33505","0.8411287296317833","0.8269466405476131","fastctsne","avid-sweep-12"
"0.14206394602916647","1e-20","undefined","avdznliz","1","0.6191044776119403","0.1408955223880597","fastctsne","revived-sweep-15"
"0.15099409676388972","1e-20","undefined","avdznliz","2","0.5982089552238806","0.14029850746268657","fastctsne","revived-sweep-15"
"0.155421557921862","1e-20","undefined","avdznliz","4","0.5970149253731343","0.14164179104477612","fastctsne","revived-sweep-15"
"0.17689332772488167","1e-20","undefined","avdznliz","9","0.5838805970149253","0.144212271973466","fastctsne","revived-sweep-15"
"0.20301679745218956","1e-20","undefined","avdznliz","20","0.5785970149253732","0.14474626865671641","fastctsne","revived-sweep-15"
"0.24299064956959546","1e-20","undefined","avdznliz","41","0.5833127047688388","0.14650163815070988","fastctsne","revived-sweep-15"
"0.2951194218871406","1e-20","undefined","avdznliz","87","0.5938445702521873","0.14895179276033624","fastctsne","revived-sweep-15"
"0.3573216797307855","1e-20","undefined","avdznliz","183","0.6119924965337248","0.15489111817959383","fastctsne","revived-sweep-15"
"0.4191224872719032","1e-20","undefined","avdznliz","385","0.6389765458422175","0.16783562705950766","fastctsne","revived-sweep-15"
"0.46891760997107135","1e-20","undefined","avdznliz","811","0.6739120672838029","0.2013132856064928","fastctsne","revived-sweep-15"
"0.4898476864332875","1e-20","undefined","avdznliz","1707","0.7188262553664018","0.2587438903898784","fastctsne","revived-sweep-15"
"0.5019187886406995","1e-20","undefined","avdznliz","3593","0.7657041261823363","0.3544570495698518","fastctsne","revived-sweep-15"
"0.49143563234670284","1e-20","undefined","avdznliz","7562","0.8090755426780406","0.4888236153272253","fastctsne","revived-sweep-15"
"0.41429231010422213","1e-20","undefined","avdznliz","15918","0.8385102756102638","0.6652790701599428","fastctsne","revived-sweep-15"
"0","1e-20","undefined","avdznliz","33505","0.8411287296317833","0.8269466405476131","fastctsne","revived-sweep-15"
"0.14982537170879126","0.000001","undefined","43mgorqp","1","0.6238805970149254","0.14686567164179104","fastctsne","true-sweep-10"
"0.15965132995441264","0.000001","undefined","43mgorqp","2","0.6056716417910448","0.1426865671641791","fastctsne","true-sweep-10"
"0.16049679069504275","0.000001","undefined","43mgorqp","4","0.6013432835820895","0.14373134328358209","fastctsne","true-sweep-10"
"0.17463733200885154","0.000001","undefined","43mgorqp","9","0.5844776119402985","0.14567164179104478","fastctsne","true-sweep-10"
"0.20397259187116532","0.000001","undefined","43mgorqp","20","0.5794328358208956","0.14594029850746268","fastctsne","true-sweep-10"
"0.24315102055131363","0.000001","undefined","43mgorqp","41","0.58197306152166","0.14650163815070988","fastctsne","true-sweep-10"
"0.2960275958252862","0.000001","undefined","43mgorqp","87","0.5902281694973409","0.14872533882312575","fastctsne","true-sweep-10"
"0.35870596345306954","0.000001","undefined","43mgorqp","183","0.6064497186200147","0.15595791534132616","fastctsne","true-sweep-10"
"0.41780163014215577","0.000001","undefined","43mgorqp","385","0.6352921108742005","0.17250474898236093","fastctsne","true-sweep-10"
"0.4648679514334921","0.000001","undefined","43mgorqp","811","0.6733525958370907","0.21146842851095937","fastctsne","true-sweep-10"
"0.48079093010694857","0.000001","undefined","43mgorqp","1707","0.7233355192403536","0.27475312366113197","fastctsne","true-sweep-10"
"0.49822077804388815","0.000001","undefined","43mgorqp","3593","0.7726562844004303","0.36827679027628346","fastctsne","true-sweep-10"
"0.5004134800692284","0.000001","undefined","43mgorqp","7562","0.8137046584059339","0.4903726803696408","fastctsne","true-sweep-10"
"0.40355328496833887","0.000001","undefined","43mgorqp","15918","0.8373100948330342","0.662741437929088","fastctsne","true-sweep-10"
"0","0.000001","undefined","43mgorqp","33505","0.8411287296317833","0.8269466405476131","fastctsne","true-sweep-10"
"0.1480342734750317","1e-10","undefined","ryi4ta6v","1","0.6119402985074627","0.13791044776119402","fastctsne","classic-sweep-14"
"0.1566660771300944","1e-10","undefined","ryi4ta6v","2","0.6056716417910448","0.14","fastctsne","classic-sweep-14"
"0.159004075173519","1e-10","undefined","ryi4ta6v","4","0.5950746268656717","0.14402985074626865","fastctsne","classic-sweep-14"
"0.17669426927934961","1e-10","undefined","ryi4ta6v","9","0.5852736318407961","0.14467661691542288","fastctsne","classic-sweep-14"
"0.20301679745218956","1e-10","undefined","ryi4ta6v","20","0.5791940298507463","0.14555223880597015","fastctsne","classic-sweep-14"
"0.24316559973146984","1e-10","undefined","ryi4ta6v","41","0.5820021842009465","0.14763742264288315","fastctsne","classic-sweep-14"
"0.2949611794585243","1e-10","undefined","ryi4ta6v","87","0.5926917138445702","0.15011151140847487","fastctsne","classic-sweep-14"
"0.3566492196287281","1e-10","undefined","ryi4ta6v","183","0.6116629964929451","0.1567865590082375","fastctsne","classic-sweep-14"
"0.41751612420674716","1e-10","undefined","ryi4ta6v","385","0.6415289784842023","0.17190773405698778","fastctsne","classic-sweep-14"
"0.46577550344927227","1e-10","undefined","ryi4ta6v","811","0.677991055818319","0.20684542760917976","fastctsne","classic-sweep-14"
"0.47895606724281925","1e-10","undefined","ryi4ta6v","1707","0.7246544081000971","0.26436219604962885","fastctsne","classic-sweep-14"
"0.47741725826641584","1e-10","undefined","ryi4ta6v","3593","0.7690825028766548","0.3665380860794829","fastctsne","classic-sweep-14"
"0.47846424267975685","1e-10","undefined","ryi4ta6v","7562","0.8088375893607866","0.48969229493895244","fastctsne","classic-sweep-14"
"0.41536987810673887","1e-10","undefined","ryi4ta6v","15918","0.8391601359954843","0.6616810032011071","fastctsne","classic-sweep-14"
"0","1e-10","undefined","ryi4ta6v","33505","0.8411287296317833","0.8269466405476131","fastctsne","classic-sweep-14"
"0.14385504426292606","0.00001","undefined","lu7lulo4","1","0.6113432835820896","0.14328358208955225","fastctsne","hardy-sweep-9"
"0.1530837737409125","0.00001","undefined","lu7lulo4","2","0.6050746268656716","0.14119402985074628","fastctsne","hardy-sweep-9"
"0.15751135965199525","0.00001","undefined","lu7lulo4","4","0.5917910447761194","0.14164179104477612","fastctsne","hardy-sweep-9"
"0.17802132558289677","0.00001","undefined","lu7lulo4","9","0.5793698175787728","0.14275290215588723","fastctsne","hardy-sweep-9"
"0.2077957695470683","0.00001","undefined","lu7lulo4","20","0.5761194029850746","0.14504477611940297","fastctsne","hardy-sweep-9"
"0.24433193414396565","0.00001","undefined","lu7lulo4","41","0.5800946487076811","0.14600655260283946","fastctsne","hardy-sweep-9"
"0.29697705039698397","0.00001","undefined","lu7lulo4","87","0.5898850574712644","0.14918510893806827","fastctsne","hardy-sweep-9"
"0.35892574309618097","0.00001","undefined","lu7lulo4","183","0.6065410651659734","0.15542941032542207","fastctsne","hardy-sweep-9"
"0.42058923479721666","0.00001","undefined","lu7lulo4","385","0.6361000193836015","0.17087497577049815","fastctsne","hardy-sweep-9"
"0.46794291570308466","0.00001","undefined","lu7lulo4","811","0.6744119108526418","0.2068549975155051","fastctsne","hardy-sweep-9"
"0.48220973348652235","0.00001","undefined","lu7lulo4","1707","0.7244015423759935","0.26670199092411406","fastctsne","hardy-sweep-9"
"0.5059400890058264","0.00001","undefined","lu7lulo4","3593","0.7705289306321164","0.361758311143974","fastctsne","hardy-sweep-9"
"0.5256447692280197","0.00001","undefined","lu7lulo4","7562","0.8134110458024608","0.48457961449036224","fastctsne","hardy-sweep-9"
"0.42568304916829053","0.00001","undefined","lu7lulo4","15918","0.841763815674736","0.6634230655992559","fastctsne","hardy-sweep-9"
"0","0.00001","undefined","lu7lulo4","33505","0.8411287296317833","0.8269466405476131","fastctsne","hardy-sweep-9"
"0.15101943719796435","1e-7","undefined","6s7gsuyb","1","0.6065671641791045","0.14149253731343284","fastctsne","visionary-sweep-11"
"0.15845722882468535","1e-7","undefined","6s7gsuyb","2","0.6029850746268657","0.14119402985074628","fastctsne","visionary-sweep-11"
"0.16213877776871885","1e-7","undefined","6s7gsuyb","4","0.5897014925373134","0.14059701492537313","fastctsne","visionary-sweep-11"
"0.17868485373467033","1e-7","undefined","6s7gsuyb","9","0.581028192371476","0.13936981757877281","fastctsne","visionary-sweep-11"
"0.2047193062609901","1e-7","undefined","6s7gsuyb","20","0.573910447761194","0.13967164179104477","fastctsne","visionary-sweep-11"
"0.24288859530850204","1e-7","undefined","6s7gsuyb","41","0.5787986894794321","0.14168183472879506","fastctsne","visionary-sweep-11"
"0.2956079093841735","1e-7","undefined","6s7gsuyb","87","0.5891439354949392","0.14506090238462857","fastctsne","visionary-sweep-11"
"0.3580827077487236","1e-7","undefined","6s7gsuyb","183","0.6082603376559824","0.15289780605170866","fastctsne","visionary-sweep-11"
"0.41867854122948217","1e-7","undefined","6s7gsuyb","385","0.6388493894165536","0.16943128513277766","fastctsne","visionary-sweep-11"
"0.4663428177600508","1e-7","undefined","6s7gsuyb","811","0.6761241879382373","0.2067261718534332","fastctsne","visionary-sweep-11"
"0.4768746642589666","1e-7","undefined","6s7gsuyb","1707","0.7268154832166059","0.274863293374953","fastctsne","visionary-sweep-11"
"0.47916789934918846","1e-7","undefined","6s7gsuyb","3593","0.774160868355135","0.36805396895289766","fastctsne","visionary-sweep-11"
"0.47353887088290814","1e-7","undefined","6s7gsuyb","7562","0.8128419789442104","0.4843334504415242","fastctsne","visionary-sweep-11"
"0.40139243280123377","1e-7","undefined","6s7gsuyb","15918","0.8342804259891646","0.6608203235612364","fastctsne","visionary-sweep-11"
"0","1e-7","undefined","6s7gsuyb","33505","0.8411287296317833","0.8269466405476131","fastctsne","visionary-sweep-11"
"0.15519866641007","1e-9","undefined","0lxo2oaf","1","0.6185074626865672","0.14208955223880598","fastctsne","fallen-sweep-13"
"0.15577050128279893","1e-9","undefined","0lxo2oaf","2","0.6014925373134329","0.14119402985074628","fastctsne","fallen-sweep-13"
"0.16169096311226175","1e-9","undefined","0lxo2oaf","4","0.59","0.14313432835820897","fastctsne","fallen-sweep-13"
"0.18160437760247405","1e-9","undefined","0lxo2oaf","9","0.5764510779436153","0.14467661691542288","fastctsne","fallen-sweep-13"
"0.20764642666910332","1e-9","undefined","0lxo2oaf","20","0.5737313432835821","0.1452537313432836","fastctsne","fallen-sweep-13"
"0.24621264838411513","1e-9","undefined","0lxo2oaf","41","0.5776046596286858","0.1457735711685475","fastctsne","fallen-sweep-13"
"0.29765818085059315","1e-9","undefined","0lxo2oaf","87","0.5884028135186138","0.14961743009092468","fastctsne","fallen-sweep-13"
"0.35973269521864987","1e-9","undefined","0lxo2oaf","183","0.6075099910284643","0.15584046978223637","fastctsne","fallen-sweep-13"
"0.4218457746558006","1e-9","undefined","0lxo2oaf","385","0.6360860631905408","0.16867920139561932","fastctsne","fallen-sweep-13"
"0.47062181612539167","1e-9","undefined","0lxo2oaf","811","0.6728166810828717","0.19981154646005483","fastctsne","fallen-sweep-13"
"0.4876660459119689","1e-9","undefined","0lxo2oaf","1707","0.7228266400860373","0.2596556759261688","fastctsne","fallen-sweep-13"
"0.49645617799011743","1e-9","undefined","0lxo2oaf","3593","0.7698814028936863","0.3547626188567322","fastctsne","fallen-sweep-13"
"0.48914821896346883","1e-9","undefined","0lxo2oaf","7562","0.8103780489249073","0.4849007804142472","fastctsne","fallen-sweep-13"
"0.39992623722987625","1e-9","undefined","0lxo2oaf","15918","0.832096246997204","0.6651687285397363","fastctsne","fallen-sweep-13"
"0","1e-9","undefined","0lxo2oaf","33505","0.8411287296317833","0.8269466405476131","fastctsne","fallen-sweep-13"
"0.14385504426292606","0.0001","undefined","znbaaajr","1","0.6065671641791045","0.13134328358208955","fastctsne","upbeat-sweep-8"
"0.15487492543550344","0.0001","undefined","znbaaajr","2","0.6038805970149254","0.13791044776119402","fastctsne","upbeat-sweep-8"
"0.1642285794988521","0.0001","undefined","znbaaajr","4","0.5979104477611941","0.1392537313432836","fastctsne","upbeat-sweep-8"
"0.18007826285339482","0.0001","undefined","znbaaajr","9","0.5804311774461028","0.13678275290215589","fastctsne","upbeat-sweep-8"
"0.2097372269606128","0.0001","undefined","znbaaajr","20","0.5735820895522388","0.14035820895522388","fastctsne","upbeat-sweep-8"
"0.24885147999238688","0.0001","undefined","znbaaajr","41","0.5748380050964689","0.14309428467419003","fastctsne","upbeat-sweep-8"
"0.30309346426828304","0.0001","undefined","znbaaajr","87","0.5859324069308629","0.14606965174129352","fastctsne","upbeat-sweep-8"
"0.366188312198401","0.0001","undefined","znbaaajr","183","0.6040322975287497","0.15353070712013703","fastctsne","upbeat-sweep-8"
"0.42472750214671046","0.0001","undefined","znbaaajr","385","0.634405117270789","0.1687644892421012","fastctsne","upbeat-sweep-8"
"0.4724037262345128","0.0001","undefined","znbaaajr","811","0.6717470600143549","0.20525976774573496","fastctsne","upbeat-sweep-8"
"0.4840409111470683","0.0001","undefined","znbaaajr","1707","0.7219771091816839","0.2636602575872833","fastctsne","upbeat-sweep-8"
"0.4979406680258599","0.0001","undefined","znbaaajr","3593","0.770172183889902","0.3623847364901072","fastctsne","upbeat-sweep-8"
"0.5249883384817748","0.0001","undefined","znbaaajr","7562","0.8124414689314601","0.48715691576499937","fastctsne","upbeat-sweep-8"
"0.44878363204407234","0.0001","undefined","znbaaajr","15918","0.8448266770182259","0.6639806245815776","fastctsne","upbeat-sweep-8"
"0","0.0001","undefined","znbaaajr","33505","0.8411287296317833","0.8269466405476131","fastctsne","upbeat-sweep-8"
"0.14325801151833953","0.001","undefined","j013nofc","1","0.5976119402985075","0.1373134328358209","fastctsne","gentle-sweep-7"
"0.1462176922449805","0.001","undefined","j013nofc","2","0.5877611940298507","0.13761194029850746","fastctsne","gentle-sweep-7"
"0.16288513552948075","0.001","undefined","j013nofc","4","0.5847761194029851","0.13492537313432837","fastctsne","gentle-sweep-7"
"0.18532013525240607","0.001","undefined","j013nofc","9","0.573134328358209","0.13684908789386402","fastctsne","gentle-sweep-7"
"0.21612910213751313","0.001","undefined","j013nofc","20","0.5707761194029851","0.1375820895522388","fastctsne","gentle-sweep-7"
"0.2539979305875246","0.001","undefined","j013nofc","41","0.5756097560975609","0.13958500182016745","fastctsne","gentle-sweep-7"
"0.30720088730671447","0.001","undefined","j013nofc","87","0.5836541430777149","0.14314633727912163","fastctsne","gentle-sweep-7"
"0.37036740571069915","0.001","undefined","j013nofc","183","0.6004110594568143","0.15054563249327135","fastctsne","gentle-sweep-7"
"0.4285708512772108","0.001","undefined","j013nofc","385","0.6332374491180461","0.165165342120566","fastctsne","gentle-sweep-7"
"0.47142676874454165","0.001","undefined","j013nofc","811","0.6725045549073375","0.1977017501886376","fastctsne","gentle-sweep-7"
"0.4806674757869077","0.001","undefined","j013nofc","1707","0.7247757696578618","0.25698047547849506","fastctsne","gentle-sweep-7"
"0.49006873898100917","0.001","undefined","j013nofc","3593","0.7702306724102836","0.3580092302196227","fastctsne","gentle-sweep-7"
"0.5025285778325255","0.001","undefined","j013nofc","7562","0.8060704149182677","0.49435567468134073","fastctsne","gentle-sweep-7"
"0.4335175494515576","0.001","undefined","j013nofc","15918","0.8285363982949931","0.6739147834142518","fastctsne","gentle-sweep-7"
"0","0.001","undefined","j013nofc","33505","0.8411287296317833","0.8269466405476131","fastctsne","gentle-sweep-7"
"0.0931072609730716","0.001","undefined","nnjmcw77","1","0.5934328358208956","0.12597014925373134","fastctsne","smart-sweep-7"
"0.1080064560937069","0.001","undefined","nnjmcw77","2","0.5883582089552238","0.12835820895522387","fastctsne","smart-sweep-7"
"0.12885122163873924","0.001","undefined","nnjmcw77","4","0.5840298507462687","0.13134328358208955","fastctsne","smart-sweep-7"
"0.1573856000627386","0.001","undefined","nnjmcw77","9","0.5788391376451077","0.1330016583747927","fastctsne","smart-sweep-7"
"0.20035849422441326","0.001","undefined","nnjmcw77","20","0.5737014925373134","0.13773134328358208","fastctsne","smart-sweep-7"
"0.25026566046753806","0.001","undefined","nnjmcw77","41","0.5748962504550419","0.1403421914816163","fastctsne","smart-sweep-7"
"0.31108126686060944","0.001","undefined","nnjmcw77","87","0.5807720020586722","0.14256990907531308","fastctsne","smart-sweep-7"
"0.3803230955143295","0.001","undefined","nnjmcw77","183","0.5952728162466356","0.14998124133431204","fastctsne","smart-sweep-7"
"0.4409260421963212","0.001","undefined","nnjmcw77","385","0.6246559410738515","0.16919713122698196","fastctsne","smart-sweep-7"
"0.4885835002016258","0.001","undefined","nnjmcw77","811","0.6595616246756354","0.20171448552551668","fastctsne","smart-sweep-7"
"0.5058536311566714","0.001","undefined","nnjmcw77","1707","0.7101217987391688","0.25364565572838793","fastctsne","smart-sweep-7"
"0.5317267753100001","0.001","undefined","nnjmcw77","3593","0.7612364007959092","0.3478862298582235","fastctsne","smart-sweep-7"
"0.5468338806135683","0.001","undefined","nnjmcw77","7562","0.8115236038795707","0.4736834999822364","fastctsne","smart-sweep-7"
"0.4353144964507814","0.001","undefined","nnjmcw77","15918","0.8423890723540233","0.657631518247436","fastctsne","smart-sweep-7"
"0","0.001","undefined","nnjmcw77","33505","0.8411287296317833","0.8269466405476131","fastctsne","smart-sweep-7"
"0.14385504426292606","0.01","undefined","rw9ydvhl","1","0.5522388059701493","0.12119402985074627","fastctsne","fragrant-sweep-6"
"0.15965132995441264","0.01","undefined","rw9ydvhl","2","0.551044776119403","0.12805970149253731","fastctsne","fragrant-sweep-6"
"0.16870672606342338","0.01","undefined","rw9ydvhl","4","0.5476119402985075","0.12671641791044777","fastctsne","fragrant-sweep-6"
"0.19514035189865495","0.01","undefined","rw9ydvhl","9","0.5433499170812603","0.12736318407960198","fastctsne","fragrant-sweep-6"
"0.23160102429468307","0.01","undefined","rw9ydvhl","20","0.539910447761194","0.12850746268656715","fastctsne","fragrant-sweep-6"
"0.2710409921901197","0.01","undefined","rw9ydvhl","41","0.5445795413178013","0.1305860939206407","fastctsne","fragrant-sweep-6"
"0.3260248562064605","0.01","undefined","rw9ydvhl","87","0.5531034482758621","0.13311374163664436","fastctsne","fragrant-sweep-6"
"0.39291286074211645","0.01","undefined","rw9ydvhl","183","0.5704200309925781","0.14036049261887285","fastctsne","fragrant-sweep-6"
"0.4476134696833918","0.01","undefined","rw9ydvhl","385","0.6056150416747431","0.16071641791044777","fastctsne","fragrant-sweep-6"
"0.48937562789619704","0.01","undefined","rw9ydvhl","811","0.6491694425529565","0.1960365864880284","fastctsne","fragrant-sweep-6"
"0.498481749908621","0.01","undefined","rw9ydvhl","1707","0.7076585438361794","0.2509099493743934","fastctsne","fragrant-sweep-6"
"0.5218866313544201","0.01","undefined","rw9ydvhl","3593","0.7579101985203401","0.3626135395939866","fastctsne","fragrant-sweep-6"
"0.5471903394344557","0.01","undefined","rw9ydvhl","7562","0.8058584359345826","0.4994688288259838","fastctsne","fragrant-sweep-6"
"0.4485334070493893","0.01","undefined","rw9ydvhl","15918","0.8265846418116729","0.6717744485263093","fastctsne","fragrant-sweep-6"
"0","0.01","undefined","rw9ydvhl","33505","0.8411287296317833","0.8269466405476131","fastctsne","fragrant-sweep-6"
"0.09251022822848509","undefined","0.4","saown2qx","1","0.4943283582089552","0.11164179104477612","ctsne","chocolate-sweep-4"
"0.11427548702477523","undefined","0.4","saown2qx","2","0.49462686567164177","0.10955223880597015","ctsne","chocolate-sweep-4"
"0.132732281994701","undefined","0.4","saown2qx","4","0.4991044776119403","0.11208955223880597","ctsne","chocolate-sweep-4"
"0.16667499418756865","undefined","0.4","saown2qx","9","0.5050082918739636","0.11383084577114427","ctsne","chocolate-sweep-4"
"0.21021512417010066","undefined","0.4","saown2qx","20","0.5208059701492538","0.11770149253731343","ctsne","chocolate-sweep-4"
"0.25477062713580306","undefined","0.4","saown2qx","41","0.5357990535129232","0.1233636694575901","ctsne","chocolate-sweep-4"
"0.31249856861256403","undefined","0.4","saown2qx","87","0.5561777320295076","0.13177560473494596","ctsne","chocolate-sweep-4"
"0.37148598568534097","undefined","0.4","saown2qx","183","0.5836000326237664","0.14843813718293777","ctsne","chocolate-sweep-4"
"0.42005744077466983","undefined","0.4","saown2qx","385","0.6249800348904827","0.18028300058150803","ctsne","chocolate-sweep-4"
"0.4523923174476597","undefined","0.4","saown2qx","811","0.6796930268509487","0.2312376465391906","ctsne","chocolate-sweep-4"
"0.46272274545834524","undefined","0.4","saown2qx","1707","0.7401162902534778","0.2949694410198568","ctsne","chocolate-sweep-4"
"0.48795721196803293","undefined","0.4","saown2qx","3593","0.7889634488287757","0.383683696740345","ctsne","chocolate-sweep-4"
"0.4766409598893945","undefined","0.4","saown2qx","7562","0.8204466953779108","0.5078747231838691","ctsne","chocolate-sweep-4"
"0.3642743914854459","undefined","0.4","saown2qx","15918","0.8442477398158098","0.6655692138628381","ctsne","chocolate-sweep-4"
"0","undefined","0.4","saown2qx","33505","0.8411287296317833","0.8269466405476131","ctsne","chocolate-sweep-4"
"0.11997373447946513","0.01","undefined","l81yu5sd","1","0.5576119402985075","0.11880597014925373","fastctsne","astral-sweep-6"
"0.1426353888557986","0.01","undefined","l81yu5sd","2","0.5513432835820895","0.11671641791044776","fastctsne","astral-sweep-6"
"0.1607953337993475","0.01","undefined","l81yu5sd","4","0.5402985074626866","0.11641791044776119","fastctsne","astral-sweep-6"
"0.1948085878227682","0.01","undefined","l81yu5sd","9","0.5332006633499171","0.11635157545605307","fastctsne","astral-sweep-6"
"0.2333632702546696","0.01","undefined","l81yu5sd","20","0.5263582089552239","0.11880597014925373","fastctsne","astral-sweep-6"
"0.2747732623101062","0.01","undefined","l81yu5sd","41","0.5300618856934838","0.12002912267928649","fastctsne","astral-sweep-6"
"0.33439106460634765","0.01","undefined","l81yu5sd","87","0.5379790701664093","0.12323211528564076","fastctsne","astral-sweep-6"
"0.4030588075502314","0.01","undefined","l81yu5sd","183","0.5546138161650762","0.13159448658347606","fastctsne","astral-sweep-6"
"0.4590666500922828","0.01","undefined","l81yu5sd","385","0.589418104283776","0.15583485171544872","fastctsne","astral-sweep-6"
"0.49959633837815","0.01","undefined","l81yu5sd","811","0.6351797117985902","0.19421241511309054","fastctsne","astral-sweep-6"
"0.5044565704782391","0.01","undefined","l81yu5sd","1707","0.7041803285855432","0.25264888212714987","fastctsne","astral-sweep-6"
"0.5252918757994984","0.01","undefined","l81yu5sd","3593","0.7669491673278472","0.3508585101212557","fastctsne","astral-sweep-6"
"0.5355734117173572","0.01","undefined","l81yu5sd","7562","0.8156980503459955","0.47963699092477313","fastctsne","astral-sweep-6"
"0.43318636931153615","0.01","undefined","l81yu5sd","15918","0.8424837366128273","0.6565969999231134","fastctsne","astral-sweep-6"
"0","0.01","undefined","l81yu5sd","33505","0.8411287296317833","0.8269466405476131","fastctsne","astral-sweep-6"
"0.15698976464382958","0.1","undefined","uyjr4p53","1","0.4991044776119403","0.1044776119402985","fastctsne","cosmic-sweep-5"
"0.17338349294627659","0.1","undefined","uyjr4p53","2","0.4847761194029851","0.10477611940298508","fastctsne","cosmic-sweep-5"
"0.19572487700300326","0.1","undefined","uyjr4p53","4","0.4797014925373134","0.10492537313432836","fastctsne","cosmic-sweep-5"
"0.22393747368562805","0.1","undefined","uyjr4p53","9","0.4716417910447761","0.10985074626865672","fastctsne","cosmic-sweep-5"
"0.25991643395683967","0.1","undefined","uyjr4p53","20","0.4716417910447761","0.1122686567164179","fastctsne","cosmic-sweep-5"
"0.2971377246697134","0.1","undefined","uyjr4p53","41","0.4784856206771023","0.11507826720058245","fastctsne","cosmic-sweep-5"
"0.35337327593470996","0.1","undefined","uyjr4p53","87","0.49074626865671644","0.11934808715045463","fastctsne","cosmic-sweep-5"
"0.418620518399794","0.1","undefined","uyjr4p53","183","0.5123790881657287","0.12899111002365224","fastctsne","cosmic-sweep-5"
"0.4692585845007973","0.1","undefined","uyjr4p53","385","0.5561031207598371","0.15707850358596628","fastctsne","cosmic-sweep-5"
"0.5072799770154908","0.1","undefined","uyjr4p53","811","0.607123691039255","0.1994184441540755","fastctsne","cosmic-sweep-5"
"0.5071828840891707","0.1","undefined","uyjr4p53","1707","0.6846610532574386","0.2660560116814871","fastctsne","cosmic-sweep-5"
"0.5116396299241494","0.1","undefined","uyjr4p53","3593","0.751857799784822","0.36471397535007954","fastctsne","cosmic-sweep-5"
"0.521252964081544","0.1","undefined","uyjr4p53","7562","0.8050553632261859","0.4876161640883127","fastctsne","cosmic-sweep-5"
"0.4399236522851656","0.1","undefined","uyjr4p53","15918","0.8434607587767907","0.6588985340916975","fastctsne","cosmic-sweep-5"
"0","0.1","undefined","uyjr4p53","33505","0.8411287296317833","0.8269466405476131","fastctsne","cosmic-sweep-5"
"0.09848055567435031","undefined","0.6","k13z7lf9","1","0.4411940298507463","0.08895522388059701","ctsne","lively-sweep-3"
"0.12412682134502546","undefined","0.6","k13z7lf9","2","0.44537313432835823","0.09582089552238807","ctsne","lively-sweep-3"
"0.14019585960231973","undefined","0.6","k13z7lf9","4","0.45417910447761195","0.09805970149253732","ctsne","lively-sweep-3"
"0.17729144461594584","undefined","0.6","k13z7lf9","9","0.4537976782752902","0.1003648424543947","ctsne","lively-sweep-3"
"0.22864403531097682","undefined","0.6","k13z7lf9","20","0.4627462686567164","0.10340298507462686","ctsne","lively-sweep-3"
"0.27713508949541027","undefined","0.6","k13z7lf9","41","0.4748452857662905","0.1073753185293047","ctsne","lively-sweep-3"
"0.3437892888450366","undefined","0.6","k13z7lf9","87","0.491672671127123","0.11154571967747469","ctsne","lively-sweep-3"
"0.4115383654225162","undefined","0.6","k13z7lf9","183","0.5194780197373787","0.12338308457711443","ctsne","lively-sweep-3"
"0.4576704946938562","undefined","0.6","k13z7lf9","385","0.5686962589649157","0.15779802287264974","ctsne","lively-sweep-3"
"0.48309443248191136","undefined","0.6","k13z7lf9","811","0.6285845740471502","0.21225536926955849","ctsne","lively-sweep-3"
"0.4828362180956847","undefined","0.6","k13z7lf9","1707","0.7001414719023512","0.27998356197920765","ctsne","lively-sweep-3"
"0.5039167826895582","undefined","0.6","k13z7lf9","3593","0.7644919848295401","0.36939787563712195","ctsne","lively-sweep-3"
"0.49317010631755936","undefined","0.6","k13z7lf9","7562","0.8063174474098694","0.4921114606812539","ctsne","lively-sweep-3"
"0.36805298897083094","undefined","0.6","k13z7lf9","15918","0.8430436209454049","0.6628630687497304","ctsne","lively-sweep-3"
"0","undefined","0.6","k13z7lf9","33505","0.8411287296317833","0.8269466405476131","ctsne","lively-sweep-3"
"0.16893041953556","0.1","undefined","5lhbordr","1","0.46746268656716417","0.09074626865671642","fastctsne","fancy-sweep-5"
"0.18233925141923132","0.1","undefined","5lhbordr","2","0.4534328358208955","0.09731343283582089","fastctsne","fancy-sweep-5"
"0.20244209684986014","0.1","undefined","5lhbordr","4","0.4532835820895522","0.09925373134328358","fastctsne","fancy-sweep-5"
"0.23017463831229967","0.1","undefined","5lhbordr","9","0.45293532338308456","0.10441127694859038","fastctsne","fancy-sweep-5"
"0.2646356689005324","0.1","undefined","5lhbordr","20","0.4572835820895522","0.10892537313432836","fastctsne","fancy-sweep-5"
"0.30345050967734694","0.1","undefined","5lhbordr","41","0.46641427011285036","0.11126319621405169","fastctsne","fancy-sweep-5"
"0.35761142097938964","0.1","undefined","5lhbordr","87","0.48098816263510036","0.11545719677474696","fastctsne","fancy-sweep-5"
"0.4242593423775339","0.1","undefined","5lhbordr","183","0.5010227550770736","0.12589185221433816","fastctsne","fancy-sweep-5"
"0.4753844124006356","0.1","undefined","5lhbordr","385","0.5430633843768172","0.15360496220197714","fastctsne","fancy-sweep-5"
"0.517146116053207","0.1","undefined","5lhbordr","811","0.5937574764893166","0.1998630767248836","fastctsne","fancy-sweep-5"
"0.521337014011942","0.1","undefined","5lhbordr","1707","0.6661350540793397","0.2556003812221843","fastctsne","fancy-sweep-5"
"0.5272578572748681","0.1","undefined","5lhbordr","3593","0.7321845545442839","0.34787426629723633","fastctsne","fancy-sweep-5"
"0.5152855416126505","0.1","undefined","5lhbordr","7562","0.7943082261267058","0.4738086346895514","fastctsne","fancy-sweep-5"
"0.4226987838547759","0.1","undefined","5lhbordr","15918","0.8415161658724846","0.6557958792543127","fastctsne","fancy-sweep-5"
"0","0.1","undefined","5lhbordr","33505","0.8411287296317833","0.8269466405476131","fastctsne","fancy-sweep-5"
"0.16713932130180045","0.2","undefined","0vd7u0t8","1","0.43462686567164177","0.09313432835820895","fastctsne","different-sweep-4"
"0.19099648460975427","0.2","undefined","0vd7u0t8","2","0.4388059701492537","0.09791044776119404","fastctsne","different-sweep-4"
"0.2039348123713839","0.2","undefined","0vd7u0t8","4","0.42895522388059704","0.10059701492537314","fastctsne","different-sweep-4"
"0.2299755798667676","0.2","undefined","0vd7u0t8","9","0.4356218905472637","0.10016583747927031","fastctsne","different-sweep-4"
"0.2666368634652629","0.2","undefined","0vd7u0t8","20","0.441134328358209","0.10370149253731344","fastctsne","different-sweep-4"
"0.3083345350296731","0.2","undefined","0vd7u0t8","41","0.44936294139060795","0.105802693847834","fastctsne","different-sweep-4"
"0.36306734471385554","0.2","undefined","0vd7u0t8","87","0.4648413106879396","0.11055069480185281","fastctsne","different-sweep-4"
"0.42954389469175086","0.2","undefined","0vd7u0t8","183","0.4889421743740315","0.12046325748307642","fastctsne","different-sweep-4"
"0.4823275402584293","0.2","undefined","0vd7u0t8","385","0.5306764876914131","0.14884590036828843","fastctsne","different-sweep-4"
"0.5213783411642019","0.2","undefined","0vd7u0t8","811","0.5794269098404402","0.1953998196440731","fastctsne","different-sweep-4"
"0.5229791407286642","0.2","undefined","0vd7u0t8","1707","0.654917678741617","0.2549288705855608","fastctsne","different-sweep-4"
"0.5249289425535483","0.2","undefined","0vd7u0t8","3593","0.7279444691377512","0.3429339802518163","fastctsne","different-sweep-4"
"0.5090975755426188","0.2","undefined","0vd7u0t8","7562","0.7972171146383923","0.47364742013287175","fastctsne","different-sweep-4"
"0.4143281790212213","0.2","undefined","0vd7u0t8","15918","0.8377988309489117","0.6568383487762844","fastctsne","different-sweep-4"
"0","0.2","undefined","0vd7u0t8","33505","0.8411287296317833","0.8269466405476131","fastctsne","different-sweep-4"
"0.18325920540563656","0.2","undefined","nvs4t6qn","1","0.4280597014925373","0.08597014925373134","fastctsne","dainty-sweep-4"
"0.19666846497595894","0.2","undefined","nvs4t6qn","2","0.4217910447761194","0.08895522388059701","fastctsne","dainty-sweep-4"
"0.21662289430433576","0.2","undefined","nvs4t6qn","4","0.4129850746268657","0.09477611940298507","fastctsne","dainty-sweep-4"
"0.23919862117642027","0.2","undefined","nvs4t6qn","9","0.42407960199004974","0.09625207296849088","fastctsne","dainty-sweep-4"
"0.2721924185255594","0.2","undefined","nvs4t6qn","20","0.43250746268656715","0.09970149253731343","fastctsne","dainty-sweep-4"
"0.3096903987841995","0.2","undefined","nvs4t6qn","41","0.441295959228249","0.1027448125227521","fastctsne","dainty-sweep-4"
"0.3649249732236989","0.2","undefined","nvs4t6qn","87","0.4573614685194716","0.10686567164179105","fastctsne","dainty-sweep-4"
"0.4324272723976458","0.2","undefined","nvs4t6qn","183","0.47856781665443276","0.11735421254383818","fastctsne","dainty-sweep-4"
"0.4819259494921403","0.2","undefined","nvs4t6qn","385","0.5214080248110099","0.14538321380112426","fastctsne","dainty-sweep-4"
"0.5253993322233109","0.2","undefined","nvs4t6qn","811","0.5732786130997295","0.19313543257816956","fastctsne","dainty-sweep-4"
"0.5291043176044814","0.2","undefined","nvs4t6qn","1707","0.6460299556698056","0.2572399863599402","fastctsne","dainty-sweep-4"
"0.5403562111810134","0.2","undefined","nvs4t6qn","3593","0.7168278285721407","0.34808462557792724","fastctsne","dainty-sweep-4"
"0.5307106445303554","0.2","undefined","nvs4t6qn","7562","0.7851388916301855","0.4755230196544387","fastctsne","dainty-sweep-4"
"0.4437594828432923","0.2","undefined","nvs4t6qn","15918","0.8414347786135287","0.6581366068264032","fastctsne","dainty-sweep-4"
"0","0.2","undefined","nvs4t6qn","33505","0.8411287296317833","0.8269466405476131","fastctsne","dainty-sweep-4"
"0.10027165390810988","undefined","0.8","4mcagalz","1","0.39104477611940297","0.08955223880597014","ctsne","cerulean-sweep-2"
"0.12173861908557086","undefined","0.8","4mcagalz","2","0.3895522388059702","0.08567164179104478","ctsne","cerulean-sweep-2"
"0.1475101656577861","undefined","0.8","4mcagalz","4","0.39417910447761195","0.08701492537313432","ctsne","cerulean-sweep-2"
"0.1905620076514173","undefined","0.8","4mcagalz","9","0.3979436152570481","0.08835820895522388","ctsne","cerulean-sweep-2"
"0.2414576542403705","undefined","0.8","4mcagalz","20","0.41202985074626863","0.09161194029850746","ctsne","cerulean-sweep-2"
"0.2937699340536317","undefined","0.8","4mcagalz","41","0.42264288314524934","0.09609028030578813","ctsne","cerulean-sweep-2"
"0.3620146885582776","undefined","0.8","4mcagalz","87","0.4390118373648996","0.10027792074112198","ctsne","cerulean-sweep-2"
"0.4330013237042801","undefined","0.8","4mcagalz","183","0.4679455183100889","0.11204958812494903","ctsne","cerulean-sweep-2"
"0.48315738992783125","undefined","0.8","4mcagalz","385","0.5208807908509401","0.1460251986819151","ctsne","cerulean-sweep-2"
"0.5093523339459547","undefined","0.8","4mcagalz","811","0.5839129874671034","0.20207372508603713","ctsne","cerulean-sweep-2"
"0.5035205287680786","undefined","0.8","4mcagalz","1707","0.6621993722075038","0.28286161459836145","ctsne","cerulean-sweep-2"
"0.49939407608618","undefined","0.8","4mcagalz","3593","0.7395286855452767","0.3829391312294636","ctsne","cerulean-sweep-2"
"0.47204339561804715","undefined","0.8","4mcagalz","7562","0.8014420097344539","0.5066024545350476","ctsne","cerulean-sweep-2"
"0.36727544802504564","undefined","0.8","4mcagalz","15918","0.8419058495685913","0.665544497639957","ctsne","cerulean-sweep-2"
"0","undefined","0.8","4mcagalz","33505","0.8411287296317833","0.8269466405476131","ctsne","cerulean-sweep-2"
"0.17251261600307916","0.4","undefined","5968j0tx","1","0.382089552238806","0.08716417910447762","fastctsne","hearty-sweep-3"
"0.19577288912866347","0.4","undefined","5968j0tx","2","0.3838805970149254","0.08567164179104478","fastctsne","hearty-sweep-3"
"0.21423454946989776","0.4","undefined","5968j0tx","4","0.38940298507462684","0.0908955223880597","fastctsne","hearty-sweep-3"
"0.24026026621925797","0.4","undefined","5968j0tx","9","0.39104477611940297","0.09280265339966833","fastctsne","hearty-sweep-3"
"0.27712073349840316","0.4","undefined","5968j0tx","20","0.40232835820895524","0.09486567164179105","fastctsne","hearty-sweep-3"
"0.31661550935839333","0.4","undefined","5968j0tx","41","0.4120131052056789","0.09863851474335639","fastctsne","hearty-sweep-3"
"0.3740411131331154","0.4","undefined","5968j0tx","87","0.42805283925201576","0.10425802024360954","fastctsne","hearty-sweep-3"
"0.43950614508174274","0.4","undefined","5968j0tx","183","0.4528733382268983","0.1149172171927249","fastctsne","hearty-sweep-3"
"0.4912378353854668","0.4","undefined","5968j0tx","385","0.4955394456289979","0.14584221748400852","fastctsne","hearty-sweep-3"
"0.5296270308903366","0.4","undefined","5968j0tx","811","0.5491580322800301","0.19623902681414138","fastctsne","hearty-sweep-3"
"0.5314635849385154","0.4","undefined","5968j0tx","1707","0.6191107730241586","0.26559015117732954","fastctsne","hearty-sweep-3"
"0.542692942926092","0.4","undefined","5968j0tx","3593","0.6982590526355144","0.3638992900789678","fastctsne","hearty-sweep-3"
"0.5344095165684932","0.4","undefined","5968j0tx","7562","0.7804358003686934","0.4886890066988517","fastctsne","hearty-sweep-3"
"0.4567460314536909","0.4","undefined","5968j0tx","15918","0.8365457672061855","0.6612757171548964","fastctsne","hearty-sweep-3"
"0","0.4","undefined","5968j0tx","33505","0.8411287296317833","0.8269466405476131","fastctsne","hearty-sweep-3"
"0.1820651399164635","0.4","undefined","gowagdb4","1","0.36716417910447763","0.07701492537313433","fastctsne","rosy-sweep-3"
"0.1996537178002772","0.4","undefined","gowagdb4","2","0.3692537313432836","0.08626865671641791","fastctsne","rosy-sweep-3"
"0.21975759689953564","0.4","undefined","gowagdb4","4","0.37029850746268655","0.08850746268656716","fastctsne","rosy-sweep-3"
"0.24895248500749179","0.4","undefined","gowagdb4","9","0.37585406301824215","0.08941956882255389","fastctsne","rosy-sweep-3"
"0.28249707710514177","0.4","undefined","gowagdb4","20","0.38865671641791044","0.09253731343283582","fastctsne","rosy-sweep-3"
"0.31941471194838333","0.4","undefined","gowagdb4","41","0.40241718238077906","0.09655624317437204","fastctsne","rosy-sweep-3"
"0.373855350282131","0.4","undefined","gowagdb4","87","0.4192211357008063","0.10160919540229885","fastctsne","rosy-sweep-3"
"0.4390009799319045","0.4","undefined","gowagdb4","183","0.4450436342875785","0.11276404860941196","fastctsne","rosy-sweep-3"
"0.49144490562433457","0.4","undefined","gowagdb4","385","0.4872293080054274","0.14282147703043224","fastctsne","rosy-sweep-3"
"0.5331040942658402","0.4","undefined","gowagdb4","811","0.5421580138763642","0.195693542153597","fastctsne","rosy-sweep-3"
"0.5335866307228595","0.4","undefined","gowagdb4","1707","0.6177761456338693","0.2656104363944775","fastctsne","rosy-sweep-3"
"0.54135027603569","0.4","undefined","gowagdb4","3593","0.7012225263883755","0.36879039259588503","fastctsne","rosy-sweep-3"
"0.5329646144086551","0.4","undefined","gowagdb4","7562","0.7835509045620878","0.494508520607752","fastctsne","rosy-sweep-3"
"0.4664865859797229","0.4","undefined","gowagdb4","15918","0.83782422227348","0.6641277592437361","fastctsne","rosy-sweep-3"
"0","0.4","undefined","gowagdb4","33505","0.8411287296317833","0.8269466405476131","fastctsne","rosy-sweep-3"
"0.17549777972601177","0.6","undefined","i5xyxnkm","1","0.35701492537313434","0.07820895522388059","fastctsne","silvery-sweep-2"
"0.20084781893000447","0.6","undefined","i5xyxnkm","2","0.3492537313432836","0.08029850746268656","fastctsne","silvery-sweep-2"
"0.22065322621244987","0.6","undefined","i5xyxnkm","4","0.34701492537313433","0.08761194029850747","fastctsne","silvery-sweep-2"
"0.24928424908337857","0.6","undefined","i5xyxnkm","9","0.3502487562189055","0.08676616915422886","fastctsne","silvery-sweep-2"
"0.2870371005952766","0.6","undefined","i5xyxnkm","20","0.3632537313432836","0.09074626865671642","fastctsne","silvery-sweep-2"
"0.32394883697696075","0.6","undefined","i5xyxnkm","41","0.3794830724426647","0.09514379322897706","fastctsne","silvery-sweep-2"
"0.378815906413972","0.6","undefined","i5xyxnkm","87","0.3990255618459427","0.09907016640933265","fastctsne","silvery-sweep-2"
"0.44309806611468355","0.6","undefined","i5xyxnkm","183","0.4277399885816818","0.11027485523203653","fastctsne","silvery-sweep-2"
"0.4951031465109985","0.6","undefined","i5xyxnkm","385","0.47390424500872264","0.14526070943981392","fastctsne","silvery-sweep-2"
"0.5365404196456228","0.6","undefined","i5xyxnkm","811","0.5285407733220457","0.1943132672028268","fastctsne","silvery-sweep-2"
"0.5382469391743114","0.6","undefined","i5xyxnkm","1707","0.6071599821629987","0.26534742806179995","fastctsne","silvery-sweep-2"
"0.5435001436890076","0.6","undefined","i5xyxnkm","3593","0.6971580727035571","0.3690878200148714","fastctsne","silvery-sweep-2"
"0.5302467178612945","0.6","undefined","i5xyxnkm","7562","0.7835937740548777","0.49695121325401553","fastctsne","silvery-sweep-2"
"0.46132896439457177","0.6","undefined","i5xyxnkm","15918","0.83769509032298","0.6656156083510079","fastctsne","silvery-sweep-2"
"0","0.6","undefined","i5xyxnkm","33505","0.8411287296317833","0.8269466405476131","fastctsne","silvery-sweep-2"
"0.19221469657443443","0.6","undefined","rusy9o7g","1","0.342089552238806","0.07761194029850746","fastctsne","floral-sweep-2"
"0.20890800155566375","0.6","undefined","rusy9o7g","2","0.33552238805970147","0.08298507462686568","fastctsne","floral-sweep-2"
"0.22707190295500201","0.6","undefined","rusy9o7g","4","0.3338805970149254","0.0846268656716418","fastctsne","floral-sweep-2"
"0.2545924742975672","0.6","undefined","rusy9o7g","9","0.34315091210613596","0.08623548922056384","fastctsne","floral-sweep-2"
"0.28966553524745986","0.6","undefined","rusy9o7g","20","0.3571641791044776","0.0897910447761194","fastctsne","floral-sweep-2"
"0.324852746146645","0.6","undefined","rusy9o7g","41","0.37544958136148526","0.09508554787040407","fastctsne","floral-sweep-2"
"0.37933879443896495","0.6","undefined","rusy9o7g","87","0.3945788299879911","0.0993515182707154","fastctsne","floral-sweep-2"
"0.44244528777171077","0.6","undefined","rusy9o7g","183","0.42407960199004974","0.1113710137835413","fastctsne","floral-sweep-2"
"0.49336501147565387","0.6","undefined","rusy9o7g","385","0.47059042450087224","0.14588253537507267","fastctsne","floral-sweep-2"
"0.5338728353332384","0.6","undefined","rusy9o7g","811","0.5268895964076044","0.19586506432081272","fastctsne","floral-sweep-2"
"0.5335232452212266","0.6","undefined","rusy9o7g","1707","0.6062537925486802","0.26790826185417377","fastctsne","floral-sweep-2"
"0.5404368009735756","0.6","undefined","rusy9o7g","3593","0.6938444986312523","0.37194395403998654","fastctsne","floral-sweep-2"
"0.534884659047136","0.6","undefined","rusy9o7g","7562","0.77929940353772","0.5000705807118863","fastctsne","floral-sweep-2"
"0.47388087033145326","0.6","undefined","rusy9o7g","15918","0.8384022593403131","0.6677524177079173","fastctsne","floral-sweep-2"
"0","0.6","undefined","rusy9o7g","33505","0.8411287296317833","0.8269466405476131","fastctsne","floral-sweep-2"
"0.1820651399164635","0.8","undefined","5j0oux9y","1","0.3086567164179104","0.07283582089552239","fastctsne","rural-sweep-1"
"0.20622127401377732","0.8","undefined","5j0oux9y","2","0.30716417910447763","0.07791044776119403","fastctsne","rural-sweep-1"
"0.23169932107172564","0.8","undefined","5j0oux9y","4","0.31208955223880597","0.07820895522388059","fastctsne","rural-sweep-1"
"0.2590381129144501","0.8","undefined","5j0oux9y","9","0.3167495854063018","0.08159203980099503","fastctsne","rural-sweep-1"
"0.2936380558013278","0.8","undefined","5j0oux9y","20","0.33411940298507464","0.08755223880597016","fastctsne","rural-sweep-1"
"0.3293285544545977","0.8","undefined","5j0oux9y","41","0.35384055333090647","0.0921295959228249","fastctsne","rural-sweep-1"
"0.3864459435155138","0.8","undefined","5j0oux9y","87","0.3764556527706296","0.09726539715217018","fastctsne","rural-sweep-1"
"0.449901394171596","0.8","undefined","5j0oux9y","183","0.4073436098197537","0.1088589837696762","fastctsne","rural-sweep-1"
"0.5012995665377236","0.8","undefined","5j0oux9y","385","0.4577569296375267","0.14417367706919945","fastctsne","rural-sweep-1"
"0.5365728591607338","0.8","undefined","5j0oux9y","811","0.5180786572685279","0.1971628908478569","fastctsne","rural-sweep-1"
"0.5420965028374355","0.8","undefined","5j0oux9y","1707","0.5966613330535372","0.26971609439620875","fastctsne","rural-sweep-1"
"0.5428211793396611","0.8","undefined","5j0oux9y","3593","0.693774378871022","0.3706660131017609","fastctsne","rural-sweep-1"
"0.5372378378592808","0.8","undefined","5j0oux9y","7562","0.7843631353941743","0.49749699005633036","fastctsne","rural-sweep-1"
"0.4669009362778858","0.8","undefined","5j0oux9y","15918","0.8377901671439261","0.6666554149718802","fastctsne","rural-sweep-1"
"0","0.8","undefined","5j0oux9y","33505","0.8411287296317833","0.8269466405476131","fastctsne","rural-sweep-1"
"0.19340876206360746","0.8","undefined","g3mz7mb3","1","0.2943283582089552","0.0764179104477612","fastctsne","divine-sweep-1"
"0.21129620381511835","0.8","undefined","g3mz7mb3","2","0.2982089552238806","0.08149253731343284","fastctsne","divine-sweep-1"
"0.23408766590616364","0.8","undefined","g3mz7mb3","4","0.3062686567164179","0.07940298507462687","fastctsne","divine-sweep-1"
"0.26242210648849534","0.8","undefined","g3mz7mb3","9","0.3144278606965174","0.08212271973466004","fastctsne","divine-sweep-1"
"0.2933095014698049","0.8","undefined","g3mz7mb3","20","0.33397014925373136","0.08794029850746268","fastctsne","divine-sweep-1"
"0.32740410267397957","0.8","undefined","g3mz7mb3","41","0.35273389151801965","0.09236257735711685","fastctsne","divine-sweep-1"
"0.3842787102540299","0.8","undefined","g3mz7mb3","87","0.3757968776805627","0.09819866186309831","fastctsne","divine-sweep-1"
"0.44889106387191957","0.8","undefined","g3mz7mb3","183","0.40431612429655006","0.10949514721474594","fastctsne","divine-sweep-1"
"0.5009434684754283","0.8","undefined","g3mz7mb3","385","0.45296220197712733","0.1454080248110099","fastctsne","divine-sweep-1"
"0.5383193121254314","0.8","undefined","g3mz7mb3","811","0.5150810681487752","0.19723724165853837","fastctsne","divine-sweep-1"
"0.5417895253789458","0.8","undefined","g3mz7mb3","1707","0.5953676258426671","0.26950659706738717","fastctsne","divine-sweep-1"
"0.5434571500583336","0.8","undefined","g3mz7mb3","3593","0.6907105441343242","0.375919844141386","fastctsne","divine-sweep-1"
"0.5382977318647509","0.8","undefined","g3mz7mb3","7562","0.7839711519103767","0.5022952152751187","fastctsne","divine-sweep-1"
"0.47847159154315666","0.8","undefined","g3mz7mb3","15918","0.8399027103457458","0.6683651099946929","fastctsne","divine-sweep-1"
"0","0.8","undefined","g3mz7mb3","33505","0.8411287296317833","0.8269466405476131","fastctsne","divine-sweep-1"
"0.09728649018517727","undefined","1","p89rm7g3","1","0.30388059701492537","0.07582089552238806","ctsne","distinctive-sweep-1"
"0.11875336626125262","undefined","1","p89rm7g3","2","0.30417910447761193","0.07582089552238806","ctsne","distinctive-sweep-1"
"0.15691427344338574","undefined","1","p89rm7g3","4","0.3064179104477612","0.07805970149253731","ctsne","distinctive-sweep-1"
"0.1980598757664587","undefined","1","p89rm7g3","9","0.31402985074626866","0.08218905472636816","ctsne","distinctive-sweep-1"
"0.25459982750128707","undefined","1","p89rm7g3","20","0.32638805970149254","0.08429850746268656","ctsne","distinctive-sweep-1"
"0.31148363794341183","undefined","1","p89rm7g3","41","0.3410556971241354","0.08808154350200219","ctsne","distinctive-sweep-1"
"0.3819257141415617","undefined","1","p89rm7g3","87","0.3631497683993824","0.09399210842340024","ctsne","distinctive-sweep-1"
"0.4561109891627896","undefined","1","p89rm7g3","183","0.3939678655900824","0.10627518146970068","ctsne","distinctive-sweep-1"
"0.5097784653337866","undefined","1","p89rm7g3","385","0.44910098856367514","0.14076061252180655","ctsne","distinctive-sweep-1"
"0.5423418119991967","undefined","1","p89rm7g3","811","0.5084896111305373","0.19382593812687487","ctsne","distinctive-sweep-1"
"0.5257927936645204","undefined","1","p89rm7g3","1707","0.5920831693903068","0.2870613540382446","ctsne","distinctive-sweep-1"
"0.5174260887018869","undefined","1","p89rm7g3","3593","0.6786504438564207","0.40353722619853694","ctsne","distinctive-sweep-1"
"0.45431731838370476","undefined","1","p89rm7g3","7562","0.771275071350468","0.5299739861917601","ctsne","distinctive-sweep-1"
"0.34707103011485047","undefined","1","p89rm7g3","15918","0.8316469668243779","0.6765662077850476","ctsne","distinctive-sweep-1"
"0","undefined","1","p89rm7g3","33505","0.8411287296317833","0.8269466405476131","ctsne","distinctive-sweep-1"