"adjusted_rnx","alpha","beta","fixed_perp","id","k","laplacian","laplacian_celltype","method","name"
0.218812194036493,1.00E-30,"undefined",FALSE,"fx1howfw",1,0.678666666666667,0.000666666666666667,"fastctsne","crisp-sweep-17"
0.254004676018704,1.00E-30,"undefined",FALSE,"fx1howfw",2,0.626,0.000666666666666667,"fastctsne","crisp-sweep-17"
0.286572192513369,1.00E-30,"undefined",FALSE,"fx1howfw",3,0.589111111111111,0.000666666666666667,"fastctsne","crisp-sweep-17"
0.321603837572512,1.00E-30,"undefined",FALSE,"fx1howfw",5,0.5572,0.0008,"fastctsne","crisp-sweep-17"
0.359665940084954,1.00E-30,"undefined",FALSE,"fx1howfw",8,0.52925,0.000833333333333333,"fastctsne","crisp-sweep-17"
0.407658265191599,1.00E-30,"undefined",FALSE,"fx1howfw",14,0.505809523809524,0.000857142857142857,"fastctsne","crisp-sweep-17"
0.447081477553906,1.00E-30,"undefined",FALSE,"fx1howfw",23,0.494956521739131,0.000782608695652174,"fastctsne","crisp-sweep-17"
0.486240170940171,1.00E-30,"undefined",FALSE,"fx1howfw",39,0.488307692307692,0.000803418803418803,"fastctsne","crisp-sweep-17"
0.514238872796195,1.00E-30,"undefined",FALSE,"fx1howfw",65,0.485671794871795,0.00078974358974359,"fastctsne","crisp-sweep-17"
0.530380701180269,1.00E-30,"undefined",FALSE,"fx1howfw",110,0.483539393939394,0.000793939393939394,"fastctsne","crisp-sweep-17"
0.536760552333155,1.00E-30,"undefined",FALSE,"fx1howfw",185,0.48285045045045,0.00132972972972973,"fastctsne","crisp-sweep-17"
0.535580199954384,1.00E-30,"undefined",FALSE,"fx1howfw",313,0.482662406815761,0.00477316293929712,"fastctsne","crisp-sweep-17"
0.45642653110627,1.00E-30,"undefined",FALSE,"fx1howfw",527,0.480848829854522,0.065652118912081,"fastctsne","crisp-sweep-17"
0.381643956800482,1.00E-30,"undefined",FALSE,"fx1howfw",889,0.48034945631796,0.438769403824522,"fastctsne","crisp-sweep-17"
0,1.00E-30,"undefined",FALSE,"fx1howfw",1499,0.48032021347565,0.66711140760507,"fastctsne","crisp-sweep-17"
0.203468624833111,1.00E-20,"undefined",FALSE,"npwevu40",1,0.660666666666667,0,"fastctsne","upbeat-sweep-16"
0.237315742596304,1.00E-20,"undefined",FALSE,"npwevu40",2,0.621,0,"fastctsne","upbeat-sweep-16"
0.270762774806892,1.00E-20,"undefined",FALSE,"npwevu40",3,0.590888888888889,0,"fastctsne","upbeat-sweep-16"
0.319597144132084,1.00E-20,"undefined",FALSE,"npwevu40",5,0.556133333333333,0,"fastctsne","upbeat-sweep-16"
0.356733623966018,1.00E-20,"undefined",FALSE,"npwevu40",8,0.527083333333333,0,"fastctsne","upbeat-sweep-16"
0.407946673080006,1.00E-20,"undefined",FALSE,"npwevu40",14,0.505285714285714,0,"fastctsne","upbeat-sweep-16"
0.45023125564589,1.00E-20,"undefined",FALSE,"npwevu40",23,0.494086956521739,0,"fastctsne","upbeat-sweep-16"
0.486117316473481,1.00E-20,"undefined",FALSE,"npwevu40",39,0.487350427350427,0,"fastctsne","upbeat-sweep-16"
0.514174544934378,1.00E-20,"undefined",FALSE,"npwevu40",65,0.483579487179487,5.12820512820513E-05,"fastctsne","upbeat-sweep-16"
0.529778968955211,1.00E-20,"undefined",FALSE,"npwevu40",110,0.481654545454545,0.000393939393939394,"fastctsne","upbeat-sweep-16"
0.538931139358537,1.00E-20,"undefined",FALSE,"npwevu40",185,0.481830630630631,0.00190630630630631,"fastctsne","upbeat-sweep-16"
0.552510433222527,1.00E-20,"undefined",FALSE,"npwevu40",313,0.48175505857295,0.00881789137380192,"fastctsne","upbeat-sweep-16"
0.469856479854653,1.00E-20,"undefined",FALSE,"npwevu40",527,0.480661606578115,0.0721391524351676,"fastctsne","upbeat-sweep-16"
0.371355590797052,1.00E-20,"undefined",FALSE,"npwevu40",889,0.480855643044619,0.438701912260967,"fastctsne","upbeat-sweep-16"
0,1.00E-20,"undefined",FALSE,"npwevu40",1499,0.48032021347565,0.66711140760507,"fastctsne","upbeat-sweep-16"
0.294195816644415,1.00E-30,"undefined",TRUE,"oumrdmjy",1,0.758666666666667,0.000666666666666667,"fastctsne","distinctive-sweep-16"
0.317756401692273,1.00E-30,"undefined",TRUE,"oumrdmjy",2,0.644666666666667,0.000666666666666667,"fastctsne","distinctive-sweep-16"
0.334668449197861,1.00E-30,"undefined",TRUE,"oumrdmjy",3,0.594222222222222,0.000888888888888889,"fastctsne","distinctive-sweep-16"
0.370433377956269,1.00E-30,"undefined",TRUE,"oumrdmjy",5,0.530533333333333,0.00133333333333333,"fastctsne","distinctive-sweep-16"
0.397032025486251,1.00E-30,"undefined",TRUE,"oumrdmjy",8,0.50075,0.00116666666666667,"fastctsne","distinctive-sweep-16"
0.428615905082572,1.00E-30,"undefined",TRUE,"oumrdmjy",14,0.482428571428571,0.000952380952380952,"fastctsne","distinctive-sweep-16"
0.454705706767213,1.00E-30,"undefined",TRUE,"oumrdmjy",23,0.479101449275362,0.000898550724637681,"fastctsne","distinctive-sweep-16"
0.475113066385669,1.00E-30,"undefined",TRUE,"oumrdmjy",39,0.478905982905983,0.000905982905982906,"fastctsne","distinctive-sweep-16"
0.491113006472839,1.00E-30,"undefined",TRUE,"oumrdmjy",65,0.479548717948718,0.00124102564102564,"fastctsne","distinctive-sweep-16"
0.50438194471715,1.00E-30,"undefined",TRUE,"oumrdmjy",110,0.480339393939394,0.00216363636363636,"fastctsne","distinctive-sweep-16"
0.510170861272231,1.00E-30,"undefined",TRUE,"oumrdmjy",185,0.480915315315315,0.00405045045045045,"fastctsne","distinctive-sweep-16"
0.525065095622159,1.00E-30,"undefined",TRUE,"oumrdmjy",313,0.482747603833866,0.0119680511182109,"fastctsne","distinctive-sweep-16"
0.470256412959449,1.00E-30,"undefined",TRUE,"oumrdmjy",527,0.480435167615433,0.0779165085388994,"fastctsne","distinctive-sweep-16"
0.307450887901307,1.00E-30,"undefined",TRUE,"oumrdmjy",889,0.481445819272591,0.438921634795651,"fastctsne","distinctive-sweep-16"
0,1.00E-30,"undefined",TRUE,"oumrdmjy",1499,0.48032021347565,0.66711140760507,"fastctsne","distinctive-sweep-16"
0.289526034712951,1.00E-20,"undefined",TRUE,"0y5h2r3j",1,0.750666666666667,0.000666666666666667,"fastctsne","comfy-sweep-15"
0.323096860387442,1.00E-20,"undefined",TRUE,"0y5h2r3j",2,0.639333333333333,0.001,"fastctsne","comfy-sweep-15"
0.340235145573381,1.00E-20,"undefined",TRUE,"0y5h2r3j",3,0.579555555555556,0.000888888888888889,"fastctsne","comfy-sweep-15"
0.368025345827755,1.00E-20,"undefined",TRUE,"0y5h2r3j",5,0.527866666666667,0.000933333333333333,"fastctsne","comfy-sweep-15"
0.391837636932707,1.00E-20,"undefined",TRUE,"0y5h2r3j",8,0.500416666666667,0.000833333333333333,"fastctsne","comfy-sweep-15"
0.421357639890973,1.00E-20,"undefined",TRUE,"0y5h2r3j",14,0.484857142857143,0.00080952380952381,"fastctsne","comfy-sweep-15"
0.448729959545972,1.00E-20,"undefined",TRUE,"0y5h2r3j",23,0.47904347826087,0.000753623188405797,"fastctsne","comfy-sweep-15"
0.474375939585529,1.00E-20,"undefined",TRUE,"0y5h2r3j",39,0.47825641025641,0.000803418803418803,"fastctsne","comfy-sweep-15"
0.493192940671602,1.00E-20,"undefined",TRUE,"0y5h2r3j",65,0.479087179487179,0.00082051282051282,"fastctsne","comfy-sweep-15"
0.504774378776971,1.00E-20,"undefined",TRUE,"0y5h2r3j",110,0.479618181818182,0.00103030303030303,"fastctsne","comfy-sweep-15"
0.508230488022269,1.00E-20,"undefined",TRUE,"0y5h2r3j",185,0.480313513513514,0.00252252252252252,"fastctsne","comfy-sweep-15"
0.516900141336537,1.00E-20,"undefined",TRUE,"0y5h2r3j",313,0.481674121405751,0.00866453674121406,"fastctsne","comfy-sweep-15"
0.453207557335957,1.00E-20,"undefined",TRUE,"0y5h2r3j",527,0.48058064516129,0.075056293485136,"fastctsne","comfy-sweep-15"
0.32069142340814,1.00E-20,"undefined",TRUE,"0y5h2r3j",889,0.47834045744282,0.439033370828646,"fastctsne","comfy-sweep-15"
0,1.00E-20,"undefined",TRUE,"0y5h2r3j",1499,0.48032021347565,0.66711140760507,"fastctsne","comfy-sweep-15"
0.35090031152648,1.00E-10,"undefined",TRUE,"xoyukumw",1,0.595333333333333,0.00133333333333333,"fastctsne","restful-sweep-14"
0.380840570028947,1.00E-10,"undefined",TRUE,"xoyukumw",2,0.509666666666667,0.001,"fastctsne","restful-sweep-14"
0.397015448603684,1.00E-10,"undefined",TRUE,"xoyukumw",3,0.480888888888889,0.00133333333333333,"fastctsne","restful-sweep-14"
0.425282998661312,1.00E-10,"undefined",TRUE,"xoyukumw",5,0.451333333333333,0.00133333333333333,"fastctsne","restful-sweep-14"
0.441603230494076,1.00E-10,"undefined",TRUE,"xoyukumw",8,0.43725,0.00141666666666667,"fastctsne","restful-sweep-14"
0.458946801346801,1.00E-10,"undefined",TRUE,"xoyukumw",14,0.439571428571429,0.00128571428571429,"fastctsne","restful-sweep-14"
0.470984466438867,1.00E-10,"undefined",TRUE,"xoyukumw",23,0.445797101449275,0.00127536231884058,"fastctsne","restful-sweep-14"
0.487047500292706,1.00E-10,"undefined",TRUE,"xoyukumw",39,0.455111111111111,0.00131623931623932,"fastctsne","restful-sweep-14"
0.494039924185531,1.00E-10,"undefined",TRUE,"xoyukumw",65,0.463815384615385,0.00190769230769231,"fastctsne","restful-sweep-14"
0.504669729694352,1.00E-10,"undefined",TRUE,"xoyukumw",110,0.471666666666667,0.0028,"fastctsne","restful-sweep-14"
0.519038202586148,1.00E-10,"undefined",TRUE,"xoyukumw",185,0.477527927927928,0.00512792792792793,"fastctsne","restful-sweep-14"
0.521953098538684,1.00E-10,"undefined",TRUE,"xoyukumw",313,0.480822151224707,0.0126070287539936,"fastctsne","restful-sweep-14"
0.455419870218099,1.00E-10,"undefined",TRUE,"xoyukumw",527,0.48108412397217,0.081944339025933,"fastctsne","restful-sweep-14"
0.387083909593268,1.00E-10,"undefined",TRUE,"xoyukumw",889,0.480405699287589,0.43888188976378,"fastctsne","restful-sweep-14"
0,1.00E-10,"undefined",TRUE,"xoyukumw",1499,0.48032021347565,0.66711140760507,"fastctsne","restful-sweep-14"
0.341560747663551,1.00E-10,"undefined",FALSE,"ti100gfe",1,0.544,0.000666666666666667,"fastctsne","cosmic-sweep-15"
0.382509463371187,1.00E-10,"undefined",FALSE,"ti100gfe",2,0.475666666666667,0.000666666666666667,"fastctsne","cosmic-sweep-15"
0.403472816399287,1.00E-10,"undefined",FALSE,"ti100gfe",3,0.439777777777778,0.000666666666666667,"fastctsne","cosmic-sweep-15"
0.429028826416778,1.00E-10,"undefined",FALSE,"ti100gfe",5,0.421066666666667,0.0008,"fastctsne","cosmic-sweep-15"
0.443781522468142,1.00E-10,"undefined",FALSE,"ti100gfe",8,0.413083333333333,0.000833333333333333,"fastctsne","cosmic-sweep-15"
0.453274779541446,1.00E-10,"undefined",FALSE,"ti100gfe",14,0.419238095238095,0.00080952380952381,"fastctsne","cosmic-sweep-15"
0.466156769176387,1.00E-10,"undefined",FALSE,"ti100gfe",23,0.427565217391304,0.000782608695652174,"fastctsne","cosmic-sweep-15"
0.475885294462007,1.00E-10,"undefined",FALSE,"ti100gfe",39,0.437931623931624,0.000700854700854701,"fastctsne","cosmic-sweep-15"
0.47607100811787,1.00E-10,"undefined",FALSE,"ti100gfe",65,0.449230769230769,0.000717948717948718,"fastctsne","cosmic-sweep-15"
0.471940729105308,1.00E-10,"undefined",FALSE,"ti100gfe",110,0.463436363636364,0.00152121212121212,"fastctsne","cosmic-sweep-15"
0.485607873627052,1.00E-10,"undefined",FALSE,"ti100gfe",185,0.475845045045045,0.00427747747747748,"fastctsne","cosmic-sweep-15"
0.521137410721822,1.00E-10,"undefined",FALSE,"ti100gfe",313,0.482193823216187,0.0124728434504792,"fastctsne","cosmic-sweep-15"
0.465685470205605,1.00E-10,"undefined",FALSE,"ti100gfe",527,0.481810246679317,0.0813700189753321,"fastctsne","cosmic-sweep-15"
0.371541713843147,1.00E-10,"undefined",FALSE,"ti100gfe",889,0.481766779152606,0.438755155605549,"fastctsne","cosmic-sweep-15"
0,1.00E-10,"undefined",FALSE,"ti100gfe",1499,0.48032021347565,0.66711140760507,"fastctsne","cosmic-sweep-15"
0.37825189141077,1.00E-09,"undefined",TRUE,"ouw9dje3",1,0.53,0.000666666666666667,"fastctsne","autumn-sweep-13"
0.397863282119795,1.00E-09,"undefined",TRUE,"ouw9dje3",2,0.461,0.000666666666666667,"fastctsne","autumn-sweep-13"
0.415274212715389,1.00E-09,"undefined",TRUE,"ouw9dje3",3,0.434666666666667,0.000666666666666667,"fastctsne","autumn-sweep-13"
0.438660954930834,1.00E-09,"undefined",TRUE,"ouw9dje3",5,0.415733333333333,0.0008,"fastctsne","autumn-sweep-13"
0.442357254638945,1.00E-09,"undefined",TRUE,"ouw9dje3",8,0.405916666666667,0.000916666666666667,"fastctsne","autumn-sweep-13"
0.454812954946288,1.00E-09,"undefined",TRUE,"ouw9dje3",14,0.411,0.000952380952380952,"fastctsne","autumn-sweep-13"
0.467834688346883,1.00E-09,"undefined",TRUE,"ouw9dje3",23,0.418695652173913,0.000956521739130435,"fastctsne","autumn-sweep-13"
0.485081828825664,1.00E-09,"undefined",TRUE,"ouw9dje3",39,0.428529914529914,0.00105982905982906,"fastctsne","autumn-sweep-13"
0.494715366734614,1.00E-09,"undefined",TRUE,"ouw9dje3",65,0.441538461538462,0.00180512820512821,"fastctsne","autumn-sweep-13"
0.508999585487707,1.00E-09,"undefined",TRUE,"ouw9dje3",110,0.454787878787879,0.00318181818181818,"fastctsne","autumn-sweep-13"
0.514943686151905,1.00E-09,"undefined",TRUE,"ouw9dje3",185,0.465268468468469,0.00587027027027027,"fastctsne","autumn-sweep-13"
0.521323161412791,1.00E-09,"undefined",TRUE,"ouw9dje3",313,0.474969116080937,0.0160575079872204,"fastctsne","autumn-sweep-13"
0.46796996613593,1.00E-09,"undefined",TRUE,"ouw9dje3",527,0.481477545857053,0.0882732447817837,"fastctsne","autumn-sweep-13"
0.389204975197772,1.00E-09,"undefined",TRUE,"ouw9dje3",889,0.480092238470191,0.438817397825272,"fastctsne","autumn-sweep-13"
0,1.00E-09,"undefined",TRUE,"ouw9dje3",1499,0.48032021347565,0.66711140760507,"fastctsne","autumn-sweep-13"
0.370246550956831,1.00E-09,"undefined",FALSE,"3vhrqa5q",1,0.454666666666667,0,"fastctsne","distinctive-sweep-14"
0.403537519483411,1.00E-09,"undefined",FALSE,"3vhrqa5q",2,0.406,0,"fastctsne","distinctive-sweep-14"
0.427966280451575,1.00E-09,"undefined",FALSE,"3vhrqa5q",3,0.388222222222222,0,"fastctsne","distinctive-sweep-14"
0.446821508255243,1.00E-09,"undefined",FALSE,"3vhrqa5q",5,0.3784,0,"fastctsne","distinctive-sweep-14"
0.45911334674715,1.00E-09,"undefined",FALSE,"3vhrqa5q",8,0.381166666666667,0,"fastctsne","distinctive-sweep-14"
0.463849735449735,1.00E-09,"undefined",FALSE,"3vhrqa5q",14,0.389333333333333,0,"fastctsne","distinctive-sweep-14"
0.461888378304073,1.00E-09,"undefined",FALSE,"3vhrqa5q",23,0.404173913043478,0,"fastctsne","distinctive-sweep-14"
0.463915759278773,1.00E-09,"undefined",FALSE,"3vhrqa5q",39,0.415846153846154,3.41880341880342E-05,"fastctsne","distinctive-sweep-14"
0.470506648070665,1.00E-09,"undefined",FALSE,"3vhrqa5q",65,0.429507692307692,0.000153846153846154,"fastctsne","distinctive-sweep-14"
0.475505338482012,1.00E-09,"undefined",FALSE,"3vhrqa5q",110,0.444642424242424,0.000581818181818182,"fastctsne","distinctive-sweep-14"
0.485143335115938,1.00E-09,"undefined",FALSE,"3vhrqa5q",185,0.462259459459459,0.00254054054054054,"fastctsne","distinctive-sweep-14"
0.498626580607621,1.00E-09,"undefined",FALSE,"3vhrqa5q",313,0.478051118210863,0.0110798722044728,"fastctsne","distinctive-sweep-14"
0.458133562651132,1.00E-09,"undefined",FALSE,"3vhrqa5q",527,0.48152688172043,0.0804250474383302,"fastctsne","distinctive-sweep-14"
0.297287832463565,1.00E-09,"undefined",FALSE,"3vhrqa5q",889,0.48453693288339,0.438841394825647,"fastctsne","distinctive-sweep-14"
0,1.00E-09,"undefined",FALSE,"3vhrqa5q",1499,0.48032021347565,0.66711140760507,"fastctsne","distinctive-sweep-14"
0.394262572318647,1.00E-08,"undefined",TRUE,"utl93eui",1,0.463333333333333,0,"fastctsne","ancient-sweep-12"
0.424899354264084,1.00E-08,"undefined",TRUE,"utl93eui",2,0.399666666666667,0,"fastctsne","ancient-sweep-12"
0.441326351752822,1.00E-08,"undefined",TRUE,"utl93eui",3,0.378444444444444,0,"fastctsne","ancient-sweep-12"
0.460333244087461,1.00E-08,"undefined",TRUE,"utl93eui",5,0.3596,0,"fastctsne","ancient-sweep-12"
0.463134808853119,1.00E-08,"undefined",TRUE,"utl93eui",8,0.357416666666667,0,"fastctsne","ancient-sweep-12"
0.473319127785794,1.00E-08,"undefined",TRUE,"utl93eui",14,0.363380952380952,4.76190476190476E-05,"fastctsne","ancient-sweep-12"
0.483966262126389,1.00E-08,"undefined",TRUE,"utl93eui",23,0.379101449275362,0.000144927536231884,"fastctsne","ancient-sweep-12"
0.486889544549819,1.00E-08,"undefined",TRUE,"utl93eui",39,0.395145299145299,0.000256410256410256,"fastctsne","ancient-sweep-12"
0.488228974001359,1.00E-08,"undefined",TRUE,"utl93eui",65,0.413671794871795,0.000543589743589744,"fastctsne","ancient-sweep-12"
0.494682282871916,1.00E-08,"undefined",TRUE,"utl93eui",110,0.432024242424242,0.00143030303030303,"fastctsne","ancient-sweep-12"
0.499659135848177,1.00E-08,"undefined",TRUE,"utl93eui",185,0.449153153153153,0.00474234234234234,"fastctsne","ancient-sweep-12"
0.513917362125041,1.00E-08,"undefined",TRUE,"utl93eui",313,0.468898828541001,0.0153631522896699,"fastctsne","ancient-sweep-12"
0.466709689132523,1.00E-08,"undefined",TRUE,"utl93eui",527,0.481192915876028,0.0864592030360531,"fastctsne","ancient-sweep-12"
0.396211310061652,1.00E-08,"undefined",TRUE,"utl93eui",889,0.480992875890514,0.438737157855268,"fastctsne","ancient-sweep-12"
0,1.00E-08,"undefined",TRUE,"utl93eui",1499,0.48032021347565,0.66711140760507,"fastctsne","ancient-sweep-12"
0.382254561637739,1.00E-08,"undefined",FALSE,"4e84u43d",1,0.405333333333333,0.000666666666666667,"fastctsne","fragrant-sweep-13"
0.42556691160098,1.00E-08,"undefined",FALSE,"4e84u43d",2,0.369333333333333,0.000666666666666667,"fastctsne","fragrant-sweep-13"
0.433978312537136,1.00E-08,"undefined",FALSE,"4e84u43d",3,0.352444444444444,0.000444444444444444,"fastctsne","fragrant-sweep-13"
0.452172690763052,1.00E-08,"undefined",FALSE,"4e84u43d",5,0.3488,0.000266666666666667,"fastctsne","fragrant-sweep-13"
0.461375419181757,1.00E-08,"undefined",FALSE,"4e84u43d",8,0.35225,0.00025,"fastctsne","fragrant-sweep-13"
0.467647105980439,1.00E-08,"undefined",FALSE,"4e84u43d",14,0.357761904761905,0.000142857142857143,"fastctsne","fragrant-sweep-13"
0.476400907269942,1.00E-08,"undefined",FALSE,"4e84u43d",23,0.368231884057971,0.000202898550724638,"fastctsne","fragrant-sweep-13"
0.477008535300316,1.00E-08,"undefined",FALSE,"4e84u43d",39,0.37565811965812,0.000341880341880342,"fastctsne","fragrant-sweep-13"
0.468394549940993,1.00E-08,"undefined",FALSE,"4e84u43d",65,0.388184615384615,0.00101538461538462,"fastctsne","fragrant-sweep-13"
0.455746283570042,1.00E-08,"undefined",FALSE,"4e84u43d",110,0.3994,0.00313939393939394,"fastctsne","fragrant-sweep-13"
0.441341053382149,1.00E-08,"undefined",FALSE,"4e84u43d",185,0.420810810810811,0.00747747747747748,"fastctsne","fragrant-sweep-13"
0.450869808755682,1.00E-08,"undefined",FALSE,"4e84u43d",313,0.45668583599574,0.0223535676251331,"fastctsne","fragrant-sweep-13"
0.456016843535503,1.00E-08,"undefined",FALSE,"4e84u43d",527,0.479676154332701,0.0948260594560405,"fastctsne","fragrant-sweep-13"
0.279755410081936,1.00E-08,"undefined",FALSE,"4e84u43d",889,0.487076865391826,0.438820397450319,"fastctsne","fragrant-sweep-13"
0,1.00E-08,"undefined",FALSE,"4e84u43d",1499,0.48032021347565,0.66711140760507,"fastctsne","fragrant-sweep-13"
0.402935024477081,1.00E-07,"undefined",TRUE,"z4izkkzw",1,0.375333333333333,0.000666666666666667,"fastctsne","earthy-sweep-11"
0.440920730349588,1.00E-07,"undefined",TRUE,"z4izkkzw",2,0.332,0.000666666666666667,"fastctsne","earthy-sweep-11"
0.45468642305407,1.00E-07,"undefined",TRUE,"z4izkkzw",3,0.315555555555555,0.000666666666666667,"fastctsne","earthy-sweep-11"
0.480667737617135,1.00E-07,"undefined",TRUE,"z4izkkzw",5,0.3032,0.00106666666666667,"fastctsne","earthy-sweep-11"
0.483409680304046,1.00E-07,"undefined",TRUE,"z4izkkzw",8,0.299666666666667,0.000833333333333333,"fastctsne","earthy-sweep-11"
0.492305980439314,1.00E-07,"undefined",TRUE,"z4izkkzw",14,0.310428571428571,0.000571428571428571,"fastctsne","earthy-sweep-11"
0.496741997564903,1.00E-07,"undefined",TRUE,"z4izkkzw",23,0.322840579710145,0.000492753623188406,"fastctsne","earthy-sweep-11"
0.498437864418686,1.00E-07,"undefined",TRUE,"z4izkkzw",39,0.340854700854701,0.000461538461538462,"fastctsne","earthy-sweep-11"
0.50065497264242,1.00E-07,"undefined",TRUE,"z4izkkzw",65,0.355148717948718,0.000882051282051282,"fastctsne","earthy-sweep-11"
0.500915443855401,1.00E-07,"undefined",TRUE,"z4izkkzw",110,0.378551515151515,0.00157575757575758,"fastctsne","earthy-sweep-11"
0.489439288603672,1.00E-07,"undefined",TRUE,"z4izkkzw",185,0.414443243243243,0.00407927927927928,"fastctsne","earthy-sweep-11"
0.482923917123272,1.00E-07,"undefined",TRUE,"z4izkkzw",313,0.45380404685836,0.0131522896698616,"fastctsne","earthy-sweep-11"
0.465880559525018,1.00E-07,"undefined",TRUE,"z4izkkzw",527,0.481230866540164,0.0873776091081594,"fastctsne","earthy-sweep-11"
0.380171557653654,1.00E-07,"undefined",TRUE,"z4izkkzw",889,0.48587776527934,0.438817397825272,"fastctsne","earthy-sweep-11"
0,1.00E-07,"undefined",TRUE,"z4izkkzw",1499,0.48032021347565,0.66711140760507,"fastctsne","earthy-sweep-11"
0.440960391633289,"undefined",0.0001,FALSE,"nqwu11gx",1,0.279333333333333,0.278666666666667,"ctsne","good-sweep-9"
0.462282565130261,"undefined",0.0001,FALSE,"nqwu11gx",2,0.270333333333333,0.269,"ctsne","good-sweep-9"
0.467155822935235,"undefined",0.0001,FALSE,"nqwu11gx",3,0.267555555555556,0.265777777777778,"ctsne","good-sweep-9"
0.450433556448014,"undefined",0.0001,FALSE,"nqwu11gx",5,0.280133333333333,0.278933333333333,"ctsne","good-sweep-9"
0.430711770623742,"undefined",0.0001,FALSE,"nqwu11gx",8,0.29,0.289083333333333,"ctsne","good-sweep-9"
0.405831681898349,"undefined",0.0001,FALSE,"nqwu11gx",14,0.302142857142857,0.301619047619048,"ctsne","good-sweep-9"
0.38638201563175,"undefined",0.0001,FALSE,"nqwu11gx",23,0.312579710144928,0.312260869565217,"ctsne","good-sweep-9"
0.365439128907622,"undefined",0.0001,FALSE,"nqwu11gx",39,0.32851282051282,0.32817094017094,"ctsne","good-sweep-9"
0.346707678003075,"undefined",0.0001,FALSE,"nqwu11gx",65,0.344717948717949,0.344420512820513,"ctsne","good-sweep-9"
0.320938643453978,"undefined",0.0001,FALSE,"nqwu11gx",110,0.369975757575758,0.369806060606061,"ctsne","good-sweep-9"
0.29709979020116,"undefined",0.0001,FALSE,"nqwu11gx",185,0.393967567567568,0.39529009009009,"ctsne","good-sweep-9"
0.247165909699063,"undefined",0.0001,FALSE,"nqwu11gx",313,0.425022364217252,0.43164856230032,"ctsne","good-sweep-9"
0.151574107912115,"undefined",0.0001,FALSE,"nqwu11gx",527,0.468249209361164,0.50233523086654,"ctsne","good-sweep-9"
0.127340906157222,"undefined",0.0001,FALSE,"nqwu11gx",889,0.490555680539933,0.611699287589051,"ctsne","good-sweep-9"
0,"undefined",0.0001,FALSE,"nqwu11gx",1499,0.48032021347565,0.66711140760507,"ctsne","good-sweep-9"
0.462307966177125,"undefined",1.00E-20,FALSE,"uma629l5",1,0.226666666666667,0.156666666666667,"ctsne","generous-sweep-16"
0.485980850590069,"undefined",1.00E-20,FALSE,"uma629l5",2,0.239333333333333,0.159333333333333,"ctsne","generous-sweep-16"
0.475839869281046,"undefined",1.00E-20,FALSE,"uma629l5",3,0.247777777777778,0.164,"ctsne","generous-sweep-16"
0.464480410531013,"undefined",1.00E-20,FALSE,"uma629l5",5,0.254933333333333,0.170266666666667,"ctsne","generous-sweep-16"
0.452327129443327,"undefined",1.00E-20,FALSE,"uma629l5",8,0.262166666666667,0.172166666666667,"ctsne","generous-sweep-16"
0.432461343594677,"undefined",1.00E-20,FALSE,"uma629l5",14,0.268380952380952,0.177428571428571,"ctsne","generous-sweep-16"
0.414788892816464,"undefined",1.00E-20,FALSE,"uma629l5",23,0.27431884057971,0.183072463768116,"ctsne","generous-sweep-16"
0.396644163446903,"undefined",1.00E-20,FALSE,"uma629l5",39,0.288649572649573,0.192871794871795,"ctsne","generous-sweep-16"
0.382892100275364,"undefined",1.00E-20,FALSE,"uma629l5",65,0.307230769230769,0.205333333333333,"ctsne","generous-sweep-16"
0.371006688919432,"undefined",1.00E-20,FALSE,"uma629l5",110,0.329206060606061,0.219109090909091,"ctsne","generous-sweep-16"
0.347060290427414,"undefined",1.00E-20,FALSE,"uma629l5",185,0.360122522522522,0.242291891891892,"ctsne","generous-sweep-16"
0.30139703534491,"undefined",1.00E-20,FALSE,"uma629l5",313,0.399584664536741,0.280962726304579,"ctsne","generous-sweep-16"
0.177470264170981,"undefined",1.00E-20,FALSE,"uma629l5",527,0.468900695762176,0.386593295382669,"ctsne","generous-sweep-16"
0.115681495140976,"undefined",1.00E-20,FALSE,"uma629l5",889,0.491696287964005,0.59348931383577,"ctsne","generous-sweep-16"
0,"undefined",1.00E-20,FALSE,"uma629l5",1499,0.48032021347565,0.66711140760507,"ctsne","generous-sweep-16"
0.462307966177125,"undefined",1.00E-30,FALSE,"v35th5ej",1,0.226666666666667,0.156666666666667,"ctsne","deep-sweep-17"
0.485980850590069,"undefined",1.00E-30,FALSE,"v35th5ej",2,0.239333333333333,0.159333333333333,"ctsne","deep-sweep-17"
0.475839869281046,"undefined",1.00E-30,FALSE,"v35th5ej",3,0.247777777777778,0.164,"ctsne","deep-sweep-17"
0.464480410531013,"undefined",1.00E-30,FALSE,"v35th5ej",5,0.254933333333333,0.170266666666667,"ctsne","deep-sweep-17"
0.452327129443327,"undefined",1.00E-30,FALSE,"v35th5ej",8,0.262166666666667,0.172166666666667,"ctsne","deep-sweep-17"
0.432461343594677,"undefined",1.00E-30,FALSE,"v35th5ej",14,0.268380952380952,0.177428571428571,"ctsne","deep-sweep-17"
0.414788892816464,"undefined",1.00E-30,FALSE,"v35th5ej",23,0.27431884057971,0.183072463768116,"ctsne","deep-sweep-17"
0.396644163446903,"undefined",1.00E-30,FALSE,"v35th5ej",39,0.288649572649573,0.192871794871795,"ctsne","deep-sweep-17"
0.382892100275364,"undefined",1.00E-30,FALSE,"v35th5ej",65,0.307230769230769,0.205333333333333,"ctsne","deep-sweep-17"
0.371006688919432,"undefined",1.00E-30,FALSE,"v35th5ej",110,0.329206060606061,0.219109090909091,"ctsne","deep-sweep-17"
0.347060290427414,"undefined",1.00E-30,FALSE,"v35th5ej",185,0.360122522522522,0.242291891891892,"ctsne","deep-sweep-17"
0.30139703534491,"undefined",1.00E-30,FALSE,"v35th5ej",313,0.399584664536741,0.280962726304579,"ctsne","deep-sweep-17"
0.177470264170981,"undefined",1.00E-30,FALSE,"v35th5ej",527,0.468900695762176,0.386593295382669,"ctsne","deep-sweep-17"
0.115681495140976,"undefined",1.00E-30,FALSE,"v35th5ej",889,0.491696287964005,0.59348931383577,"ctsne","deep-sweep-17"
0,"undefined",1.00E-30,FALSE,"v35th5ej",1499,0.48032021347565,0.66711140760507,"ctsne","deep-sweep-17"
0.440960391633289,0.000001,"undefined",TRUE,"gcwo66m8",1,0.284666666666667,0.00133333333333333,"fastctsne","easy-sweep-10"
0.459278557114228,0.000001,"undefined",TRUE,"gcwo66m8",2,0.246666666666667,0.001,"fastctsne","easy-sweep-10"
0.484078579916815,0.000001,"undefined",TRUE,"gcwo66m8",3,0.232666666666667,0.000888888888888889,"fastctsne","easy-sweep-10"
0.506219634091923,0.000001,"undefined",TRUE,"gcwo66m8",5,0.226933333333333,0.00106666666666667,"fastctsne","easy-sweep-10"
0.516167840375587,0.000001,"undefined",TRUE,"gcwo66m8",8,0.231,0.00108333333333333,"fastctsne","easy-sweep-10"
0.517109058842392,0.000001,"undefined",TRUE,"gcwo66m8",14,0.244095238095238,0.00104761904761905,"fastctsne","easy-sweep-10"
0.510194788107301,0.000001,"undefined",TRUE,"gcwo66m8",23,0.255594202898551,0.000927536231884058,"fastctsne","easy-sweep-10"
0.505721379229598,0.000001,"undefined",TRUE,"gcwo66m8",39,0.270307692307692,0.00112820512820513,"fastctsne","easy-sweep-10"
0.498242677824268,0.000001,"undefined",TRUE,"gcwo66m8",65,0.289169230769231,0.00161025641025641,"fastctsne","easy-sweep-10"
0.489600261797238,0.000001,"undefined",TRUE,"gcwo66m8",110,0.317030303030303,0.00329090909090909,"fastctsne","easy-sweep-10"
0.482347882128704,0.000001,"undefined",TRUE,"gcwo66m8",185,0.360947747747748,0.00786666666666667,"fastctsne","easy-sweep-10"
0.488824866610276,0.000001,"undefined",TRUE,"gcwo66m8",313,0.421633652822151,0.0203642172523962,"fastctsne","easy-sweep-10"
0.462224585679221,0.000001,"undefined",TRUE,"gcwo66m8",527,0.473324478178368,0.0939911448450348,"fastctsne","easy-sweep-10"
0.387262661429616,0.000001,"undefined",TRUE,"gcwo66m8",889,0.477321334833146,0.438988376452943,"fastctsne","easy-sweep-10"
0,0.000001,"undefined",TRUE,"gcwo66m8",1499,0.48032021347565,0.66711140760507,"fastctsne","easy-sweep-10"
0.456303960836671,1.00E-07,"undefined",FALSE,"dyiq6vpq",1,0.236,0,"fastctsne","daily-sweep-12"
0.509679136049878,1.00E-07,"undefined",FALSE,"dyiq6vpq",2,0.216,0,"fastctsne","daily-sweep-12"
0.511912061794415,1.00E-07,"undefined",FALSE,"dyiq6vpq",3,0.216222222222222,0,"fastctsne","daily-sweep-12"
0.522808299866131,1.00E-07,"undefined",FALSE,"dyiq6vpq",5,0.217733333333333,0,"fastctsne","daily-sweep-12"
0.520021741560474,1.00E-07,"undefined",FALSE,"dyiq6vpq",8,0.230666666666667,0,"fastctsne","daily-sweep-12"
0.507014782748116,1.00E-07,"undefined",FALSE,"dyiq6vpq",14,0.237857142857143,0,"fastctsne","daily-sweep-12"
0.497948921880523,1.00E-07,"undefined",FALSE,"dyiq6vpq",23,0.245739130434783,0,"fastctsne","daily-sweep-12"
0.493365730008196,1.00E-07,"undefined",FALSE,"dyiq6vpq",39,0.252153846153846,0,"fastctsne","daily-sweep-12"
0.485162679254729,1.00E-07,"undefined",FALSE,"dyiq6vpq",65,0.263712820512821,2.05128205128205E-05,"fastctsne","daily-sweep-12"
0.48103211815782,1.00E-07,"undefined",FALSE,"dyiq6vpq",110,0.278030303030303,0.000842424242424242,"fastctsne","daily-sweep-12"
0.465423058675113,1.00E-07,"undefined",FALSE,"dyiq6vpq",185,0.305837837837838,0.00562882882882883,"fastctsne","daily-sweep-12"
0.446611003058401,1.00E-07,"undefined",FALSE,"dyiq6vpq",313,0.38092225772098,0.0207135250266241,"fastctsne","daily-sweep-12"
0.456463598076958,1.00E-07,"undefined",FALSE,"dyiq6vpq",527,0.466330170777989,0.0954079696394687,"fastctsne","daily-sweep-12"
0.309172065377074,1.00E-07,"undefined",FALSE,"dyiq6vpq",889,0.501937757780278,0.439712035995501,"fastctsne","daily-sweep-12"
0,1.00E-07,"undefined",FALSE,"dyiq6vpq",1499,0.48032021347565,0.66711140760507,"fastctsne","daily-sweep-12"
0.474315976858033,"undefined",1.00E-09,FALSE,"hbmi20q8",1,0.194666666666667,0.132666666666667,"ctsne","elated-sweep-14"
0.500333333333333,"undefined",1.00E-09,FALSE,"hbmi20q8",2,0.195666666666667,0.135666666666667,"ctsne","elated-sweep-14"
0.48830926916221,"undefined",1.00E-09,FALSE,"hbmi20q8",3,0.203111111111111,0.138666666666667,"ctsne","elated-sweep-14"
0.483744667559125,"undefined",1.00E-09,FALSE,"hbmi20q8",5,0.208533333333333,0.138933333333333,"ctsne","elated-sweep-14"
0.477209926224011,"undefined",1.00E-09,FALSE,"hbmi20q8",8,0.2105,0.14075,"ctsne","elated-sweep-14"
0.456927946127946,"undefined",1.00E-09,FALSE,"hbmi20q8",14,0.218904761904762,0.146904761904762,"ctsne","elated-sweep-14"
0.439987117552335,"undefined",1.00E-09,FALSE,"hbmi20q8",23,0.22695652173913,0.15368115942029,"ctsne","elated-sweep-14"
0.418091043203372,"undefined",1.00E-09,FALSE,"hbmi20q8",39,0.24182905982906,0.164239316239316,"ctsne","elated-sweep-14"
0.409448785895648,"undefined",1.00E-09,FALSE,"hbmi20q8",65,0.260482051282051,0.177517948717949,"ctsne","elated-sweep-14"
0.404926072823265,"undefined",1.00E-09,FALSE,"hbmi20q8",110,0.285115151515151,0.194715151515152,"ctsne","elated-sweep-14"
0.389251075733268,"undefined",1.00E-09,FALSE,"hbmi20q8",185,0.320645045045045,0.221935135135135,"ctsne","elated-sweep-14"
0.328061681635409,"undefined",1.00E-09,FALSE,"hbmi20q8",313,0.375092651757188,0.273429179978701,"ctsne","elated-sweep-14"
0.18962237787721,"undefined",1.00E-09,FALSE,"hbmi20q8",527,0.458492093611638,0.39309550917141,"ctsne","elated-sweep-14"
0.133936296077744,"undefined",1.00E-09,FALSE,"hbmi20q8",889,0.489457817772778,0.592987626546682,"ctsne","elated-sweep-14"
0,"undefined",1.00E-09,FALSE,"hbmi20q8",1499,0.48032021347565,0.66711140760507,"ctsne","elated-sweep-14"
0.515676902536716,"undefined",1.00E-10,FALSE,"b875pwzp",1,0.152666666666667,0.120666666666667,"ctsne","balmy-sweep-15"
0.526701848140726,"undefined",1.00E-10,FALSE,"b875pwzp",2,0.169,0.131666666666667,"ctsne","balmy-sweep-15"
0.5246041295306,"undefined",1.00E-10,FALSE,"b875pwzp",3,0.174666666666667,0.135111111111111,"ctsne","balmy-sweep-15"
0.506754752342704,"undefined",1.00E-10,FALSE,"b875pwzp",5,0.1796,0.135333333333333,"ctsne","balmy-sweep-15"
0.491787726358149,"undefined",1.00E-10,FALSE,"b875pwzp",8,0.185,0.14,"ctsne","balmy-sweep-15"
0.464138143338143,"undefined",1.00E-10,FALSE,"b875pwzp",14,0.198047619047619,0.151047619047619,"ctsne","balmy-sweep-15"
0.450378441538039,"undefined",1.00E-10,FALSE,"b875pwzp",23,0.207333333333333,0.15704347826087,"ctsne","balmy-sweep-15"
0.435852288959138,"undefined",1.00E-10,FALSE,"b875pwzp",39,0.217931623931624,0.163589743589744,"ctsne","balmy-sweep-15"
0.420824096127025,"undefined",1.00E-10,FALSE,"b875pwzp",65,0.234482051282051,0.174492307692308,"ctsne","balmy-sweep-15"
0.410675231799638,"undefined",1.00E-10,FALSE,"b875pwzp",110,0.259072727272727,0.189363636363636,"ctsne","balmy-sweep-15"
0.394595324091214,"undefined",1.00E-10,FALSE,"b875pwzp",185,0.289931531531531,0.21049009009009,"ctsne","balmy-sweep-15"
0.331747083025787,"undefined",1.00E-10,FALSE,"b875pwzp",313,0.351533546325879,0.266479233226837,"ctsne","balmy-sweep-15"
0.187642221285169,"undefined",1.00E-10,FALSE,"b875pwzp",527,0.456339025932954,0.397702719797596,"ctsne","balmy-sweep-15"
0.139289637156011,"undefined",1.00E-10,FALSE,"b875pwzp",889,0.49605249343832,0.601037870266217,"ctsne","balmy-sweep-15"
0,"undefined",1.00E-10,FALSE,"b875pwzp",1499,0.48032021347565,0.66711140760507,"ctsne","balmy-sweep-15"
0.506337338673787,"undefined",0.001,FALSE,"i4ilhwy3",1,0.145333333333333,0.126,"ctsne","playful-sweep-8"
0.531708528167446,"undefined",0.001,FALSE,"i4ilhwy3",2,0.144,0.125,"ctsne","playful-sweep-8"
0.51903743315508,"undefined",0.001,FALSE,"i4ilhwy3",3,0.145777777777778,0.124,"ctsne","playful-sweep-8"
0.51892869254797,"undefined",0.001,FALSE,"i4ilhwy3",5,0.152933333333333,0.129466666666667,"ctsne","playful-sweep-8"
0.503684551754974,"undefined",0.001,FALSE,"i4ilhwy3",8,0.160916666666667,0.13525,"ctsne","playful-sweep-8"
0.484615103415103,"undefined",0.001,FALSE,"i4ilhwy3",14,0.173809523809524,0.146714285714286,"ctsne","playful-sweep-8"
0.463065865441263,"undefined",0.001,FALSE,"i4ilhwy3",23,0.183942028985507,0.155826086956522,"ctsne","playful-sweep-8"
0.443837829293994,"undefined",0.001,FALSE,"i4ilhwy3",39,0.200871794871795,0.170683760683761,"ctsne","playful-sweep-8"
0.425305603833637,"undefined",0.001,FALSE,"i4ilhwy3",65,0.220830769230769,0.188533333333333,"ctsne","playful-sweep-8"
0.406620079848158,"undefined",0.001,FALSE,"i4ilhwy3",110,0.249569696969697,0.212915151515151,"ctsne","playful-sweep-8"
0.378961342164082,"undefined",0.001,FALSE,"i4ilhwy3",185,0.288846846846847,0.245556756756757,"ctsne","playful-sweep-8"
0.305090512852286,"undefined",0.001,FALSE,"i4ilhwy3",313,0.353654952076677,0.300817891373802,"ctsne","playful-sweep-8"
0.171797066762454,"undefined",0.001,FALSE,"i4ilhwy3",527,0.457545857052498,0.428083491461101,"ctsne","playful-sweep-8"
0.104294818885344,"undefined",0.001,FALSE,"i4ilhwy3",889,0.492587176602925,0.617230596175478,"ctsne","playful-sweep-8"
0,"undefined",0.001,FALSE,"i4ilhwy3",1499,0.48032021347565,0.66711140760507,"ctsne","playful-sweep-8"
0.511674232309746,"undefined",0.00001,FALSE,"n2rt5y07",1,0.125333333333333,0.123333333333333,"ctsne","cosmic-sweep-10"
0.550733912268982,"undefined",0.00001,FALSE,"n2rt5y07",2,0.129666666666667,0.124,"ctsne","cosmic-sweep-10"
0.539077540106952,"undefined",0.00001,FALSE,"n2rt5y07",3,0.136,0.129333333333333,"ctsne","cosmic-sweep-10"
0.521871842927265,"undefined",0.00001,FALSE,"n2rt5y07",5,0.140533333333333,0.133333333333333,"ctsne","cosmic-sweep-10"
0.513319304717192,"undefined",0.00001,FALSE,"n2rt5y07",8,0.147666666666667,0.13975,"ctsne","cosmic-sweep-10"
0.488989289722623,"undefined",0.00001,FALSE,"n2rt5y07",14,0.158190476190476,0.149047619047619,"ctsne","cosmic-sweep-10"
0.470160225442834,"undefined",0.00001,FALSE,"n2rt5y07",23,0.170173913043478,0.15968115942029,"ctsne","cosmic-sweep-10"
0.452964161105257,"undefined",0.00001,FALSE,"n2rt5y07",39,0.183367521367521,0.171418803418803,"ctsne","cosmic-sweep-10"
0.43803179916318,"undefined",0.00001,FALSE,"n2rt5y07",65,0.198174358974359,0.18374358974359,"ctsne","cosmic-sweep-10"
0.421146680629186,"undefined",0.00001,FALSE,"n2rt5y07",110,0.223781818181818,0.204830303030303,"ctsne","cosmic-sweep-10"
0.400404110960275,"undefined",0.00001,FALSE,"n2rt5y07",185,0.259881081081081,0.234169369369369,"ctsne","cosmic-sweep-10"
0.319533302084849,"undefined",0.00001,FALSE,"n2rt5y07",313,0.332820021299255,0.299312034078807,"ctsne","cosmic-sweep-10"
0.157493117863102,"undefined",0.00001,FALSE,"n2rt5y07",527,0.449283997469956,0.43707779886148,"ctsne","cosmic-sweep-10"
0.105581094986077,"undefined",0.00001,FALSE,"n2rt5y07",889,0.498053993250844,0.622431946006749,"ctsne","cosmic-sweep-10"
0,"undefined",0.00001,FALSE,"n2rt5y07",1499,0.48032021347565,0.66711140760507,"ctsne","cosmic-sweep-10"
0.534356030262572,"undefined",1.00E-07,FALSE,"ty7y0k6k",1,0.118,0.101333333333333,"ctsne","smart-sweep-12"
0.559412157648631,"undefined",1.00E-07,FALSE,"ty7y0k6k",2,0.122,0.104,"ctsne","smart-sweep-12"
0.542194890077243,"undefined",1.00E-07,FALSE,"ty7y0k6k",3,0.128888888888889,0.107555555555556,"ctsne","smart-sweep-12"
0.529898616688978,"undefined",1.00E-07,FALSE,"ty7y0k6k",5,0.134266666666667,0.110933333333333,"ctsne","smart-sweep-12"
0.520189302481556,"undefined",1.00E-07,FALSE,"ty7y0k6k",8,0.139,0.114416666666667,"ctsne","smart-sweep-12"
0.499420041686708,"undefined",1.00E-07,FALSE,"ty7y0k6k",14,0.146333333333333,0.120190476190476,"ctsne","smart-sweep-12"
0.480080554573662,"undefined",1.00E-07,FALSE,"ty7y0k6k",23,0.15704347826087,0.128521739130435,"ctsne","smart-sweep-12"
0.463512094602506,"undefined",1.00E-07,FALSE,"ty7y0k6k",39,0.168393162393162,0.136239316239316,"ctsne","smart-sweep-12"
0.448056224296392,"undefined",1.00E-07,FALSE,"ty7y0k6k",65,0.185097435897436,0.14865641025641,"ctsne","smart-sweep-12"
0.437877452712874,"undefined",1.00E-07,FALSE,"ty7y0k6k",110,0.207721212121212,0.165472727272727,"ctsne","smart-sweep-12"
0.4302949031223,"undefined",1.00E-07,FALSE,"ty7y0k6k",185,0.2416,0.193827027027027,"ctsne","smart-sweep-12"
0.356513841821607,"undefined",1.00E-07,FALSE,"ty7y0k6k",313,0.316270500532481,0.265576144834931,"ctsne","smart-sweep-12"
0.202174424688235,"undefined",1.00E-07,FALSE,"ty7y0k6k",527,0.442368121442125,0.418451612903226,"ctsne","smart-sweep-12"
0.126841506696909,"undefined",1.00E-07,FALSE,"ty7y0k6k",889,0.491280089988751,0.604317210348706,"ctsne","smart-sweep-12"
0,"undefined",1.00E-07,FALSE,"ty7y0k6k",1499,0.48032021347565,0.66711140760507,"ctsne","smart-sweep-12"
0.482321317311972,0.00001,"undefined",TRUE,"8616yspg",1,0.152666666666667,0,"fastctsne","vague-sweep-9"
0.51435203740815,0.00001,"undefined",TRUE,"8616yspg",2,0.144333333333333,0,"fastctsne","vague-sweep-9"
0.531061497326203,0.00001,"undefined",TRUE,"8616yspg",3,0.141333333333333,0,"fastctsne","vague-sweep-9"
0.536721374386435,0.00001,"undefined",TRUE,"8616yspg",5,0.139066666666667,0,"fastctsne","vague-sweep-9"
0.536694053208138,0.00001,"undefined",TRUE,"8616yspg",8,0.143083333333333,0,"fastctsne","vague-sweep-9"
0.529799005932339,0.00001,"undefined",TRUE,"8616yspg",14,0.14952380952381,0,"fastctsne","vague-sweep-9"
0.526709045206394,0.00001,"undefined",TRUE,"8616yspg",23,0.156057971014493,0.000173913043478261,"fastctsne","vague-sweep-9"
0.524096897318815,0.00001,"undefined",TRUE,"8616yspg",39,0.164273504273504,0.000358974358974359,"fastctsne","vague-sweep-9"
0.52294457676215,0.00001,"undefined",TRUE,"8616yspg",65,0.174184615384615,0.000769230769230769,"fastctsne","vague-sweep-9"
0.523768187272291,0.00001,"undefined",TRUE,"8616yspg",110,0.187618181818182,0.00128484848484848,"fastctsne","vague-sweep-9"
0.513661066545998,0.00001,"undefined",TRUE,"8616yspg",185,0.222126126126126,0.00592072072072072,"fastctsne","vague-sweep-9"
0.46504070204929,0.00001,"undefined",TRUE,"8616yspg",313,0.323231096911608,0.0266560170394036,"fastctsne","vague-sweep-9"
0.452630092950495,0.00001,"undefined",TRUE,"8616yspg",527,0.445877292852625,0.109230866540164,"fastctsne","vague-sweep-9"
0.38605378303122,0.00001,"undefined",TRUE,"8616yspg",889,0.462665166854143,0.438800899887514,"fastctsne","vague-sweep-9"
0,0.00001,"undefined",TRUE,"8616yspg",1499,0.48032021347565,0.66711140760507,"fastctsne","vague-sweep-9"
0.527017801513129,"undefined",1.00E-08,FALSE,"ug6w0qwc",1,0.114,0.104666666666667,"ctsne","charmed-sweep-13"
0.553404141616567,"undefined",1.00E-08,FALSE,"ug6w0qwc",2,0.12,0.108333333333333,"ctsne","charmed-sweep-13"
0.54419890077243,"undefined",1.00E-08,FALSE,"ug6w0qwc",3,0.125555555555556,0.11,"ctsne","charmed-sweep-13"
0.529497278000892,"undefined",1.00E-08,FALSE,"ug6w0qwc",5,0.134533333333333,0.116533333333333,"ctsne","charmed-sweep-13"
0.52136222892913,"undefined",1.00E-08,FALSE,"ug6w0qwc",8,0.13925,0.1195,"ctsne","charmed-sweep-13"
0.501054353054353,"undefined",1.00E-08,FALSE,"ug6w0qwc",14,0.145952380952381,0.123619047619048,"ctsne","charmed-sweep-13"
0.491708240053415,"undefined",1.00E-08,FALSE,"ug6w0qwc",23,0.150753623188406,0.125304347826087,"ctsne","charmed-sweep-13"
0.478430136986301,"undefined",1.00E-08,FALSE,"ug6w0qwc",39,0.158222222222222,0.13,"ctsne","charmed-sweep-13"
0.470892615241569,"undefined",1.00E-08,FALSE,"ug6w0qwc",65,0.16934358974359,0.137046153846154,"ctsne","charmed-sweep-13"
0.458355970067849,"undefined",1.00E-08,FALSE,"ug6w0qwc",110,0.188793939393939,0.153339393939394,"ctsne","charmed-sweep-13"
0.442714114114114,"undefined",1.00E-08,FALSE,"ug6w0qwc",185,0.220522522522523,0.180104504504504,"ctsne","charmed-sweep-13"
0.362167123720653,"undefined",1.00E-08,FALSE,"ug6w0qwc",313,0.298308839190628,0.259192758253461,"ctsne","charmed-sweep-13"
0.206839010315397,"undefined",1.00E-08,FALSE,"ug6w0qwc",527,0.439247311827957,0.426043010752688,"ctsne","charmed-sweep-13"
0.133576949602611,"undefined",1.00E-08,FALSE,"ug6w0qwc",889,0.493597300337458,0.614201724784402,"ctsne","charmed-sweep-13"
0,"undefined",1.00E-08,FALSE,"ug6w0qwc",1499,0.48032021347565,0.66711140760507,"ctsne","charmed-sweep-13"
0.52034668446818,"undefined",0.000001,FALSE,"jcdk68md",1,0.127333333333333,0.122666666666667,"ctsne","stellar-sweep-11"
0.548397461589846,"undefined",0.000001,FALSE,"jcdk68md",2,0.128333333333333,0.119333333333333,"ctsne","stellar-sweep-11"
0.541081550802139,"undefined",0.000001,FALSE,"jcdk68md",3,0.128,0.118,"ctsne","stellar-sweep-11"
0.532574207942883,"undefined",0.000001,FALSE,"jcdk68md",5,0.132,0.119466666666667,"ctsne","stellar-sweep-11"
0.526053934719428,"undefined",0.000001,FALSE,"jcdk68md",8,0.1355,0.1215,"ctsne","stellar-sweep-11"
0.506774442841109,"undefined",0.000001,FALSE,"jcdk68md",14,0.139714285714286,0.125238095238095,"ctsne","stellar-sweep-11"
0.490648501629944,"undefined",0.000001,FALSE,"jcdk68md",23,0.14431884057971,0.128144927536232,"ctsne","stellar-sweep-11"
0.474920009366585,"undefined",0.000001,FALSE,"jcdk68md",39,0.153897435897436,0.13574358974359,"ctsne","stellar-sweep-11"
0.462454944033187,"undefined",0.000001,FALSE,"jcdk68md",65,0.165835897435897,0.145364102564103,"ctsne","stellar-sweep-11"
0.455393092916203,"undefined",0.000001,FALSE,"jcdk68md",110,0.186412121212121,0.162745454545455,"ctsne","stellar-sweep-11"
0.43602558174613,"undefined",0.000001,FALSE,"jcdk68md",185,0.219744144144144,0.192781981981982,"ctsne","stellar-sweep-11"
0.341516492555138,"undefined",0.000001,FALSE,"jcdk68md",313,0.30121618743344,0.277448349307774,"ctsne","stellar-sweep-11"
0.185195801219731,"undefined",0.000001,FALSE,"jcdk68md",527,0.437537001897533,0.439988614800759,"ctsne","stellar-sweep-11"
0.120286658429991,"undefined",0.000001,FALSE,"jcdk68md",889,0.495823022122235,0.618594675665542,"ctsne","stellar-sweep-11"
0,"undefined",0.000001,FALSE,"jcdk68md",1499,0.48032021347565,0.66711140760507,"ctsne","stellar-sweep-11"
0.539025812194036,"undefined",0.01,FALSE,"0xaov26p",1,0.082,0,"ctsne","volcanic-sweep-7"
0.578437541750167,"undefined",0.01,FALSE,"0xaov26p",2,0.0833333333333333,0,"ctsne","volcanic-sweep-7"
0.570251039809863,"undefined",0.01,FALSE,"0xaov26p",3,0.084,0,"ctsne","volcanic-sweep-7"
0.562674609549308,"undefined",0.01,FALSE,"0xaov26p",5,0.0850666666666667,0.000133333333333333,"ctsne","volcanic-sweep-7"
0.550852951039571,"undefined",0.01,FALSE,"0xaov26p",8,0.08725,0.000583333333333333,"ctsne","volcanic-sweep-7"
0.535230687830688,"undefined",0.01,FALSE,"0xaov26p",14,0.0882857142857143,0.00114285714285714,"ctsne","volcanic-sweep-7"
0.520497800557716,"undefined",0.01,FALSE,"0xaov26p",23,0.0935072463768116,0.00246376811594203,"ctsne","volcanic-sweep-7"
0.5143738438122,"undefined",0.01,FALSE,"0xaov26p",39,0.100717948717949,0.00435897435897436,"ctsne","volcanic-sweep-7"
0.512201823838644,"undefined",0.01,FALSE,"0xaov26p",65,0.111405128205128,0.00846153846153846,"ctsne","volcanic-sweep-7"
0.515363557824465,"undefined",0.01,FALSE,"0xaov26p",110,0.127527272727273,0.0184242424242424,"ctsne","volcanic-sweep-7"
0.523519149286273,"undefined",0.01,FALSE,"0xaov26p",185,0.152345945945946,0.039618018018018,"ctsne","volcanic-sweep-7"
0.452590021676391,"undefined",0.01,FALSE,"0xaov26p",313,0.239035143769968,0.153742279020234,"ctsne","volcanic-sweep-7"
0.28825758687917,"undefined",0.01,FALSE,"0xaov26p",527,0.383687539531942,0.388037950664137,"ctsne","volcanic-sweep-7"
0.152869248311174,"undefined",0.01,FALSE,"0xaov26p",889,0.473217097862767,0.60679040119985,"ctsne","volcanic-sweep-7"
0,"undefined",0.01,FALSE,"0xaov26p",1499,0.48032021347565,0.66711140760507,"ctsne","volcanic-sweep-7"
0.494996439697374,0.000001,"undefined",FALSE,"g7qd0cbq",1,0.0746666666666667,0,"fastctsne","soft-sweep-11"
0.562082386996215,0.000001,"undefined",FALSE,"g7qd0cbq",2,0.0716666666666667,0.000666666666666667,"fastctsne","soft-sweep-11"
0.566243018419489,0.000001,"undefined",FALSE,"g7qd0cbq",3,0.072,0.000888888888888889,"fastctsne","soft-sweep-11"
0.576855243195002,0.000001,"undefined",FALSE,"g7qd0cbq",5,0.0750666666666667,0.00106666666666667,"fastctsne","soft-sweep-11"
0.577160015649452,0.000001,"undefined",FALSE,"g7qd0cbq",8,0.07675,0.00116666666666667,"fastctsne","soft-sweep-11"
0.569214750681417,0.000001,"undefined",FALSE,"g7qd0cbq",14,0.0784761904761905,0.00128571428571429,"fastctsne","soft-sweep-11"
0.563741015671026,0.000001,"undefined",FALSE,"g7qd0cbq",23,0.0808405797101449,0.00136231884057971,"fastctsne","soft-sweep-11"
0.5540207352769,0.000001,"undefined",FALSE,"g7qd0cbq",39,0.0837264957264957,0.00124786324786325,"fastctsne","soft-sweep-11"
0.544097721989772,0.000001,"undefined",FALSE,"g7qd0cbq",65,0.0868615384615385,0.00141538461538462,"fastctsne","soft-sweep-11"
0.545541737024674,0.000001,"undefined",FALSE,"g7qd0cbq",110,0.0931878787878788,0.00223030303030303,"fastctsne","soft-sweep-11"
0.552390423300012,0.000001,"undefined",FALSE,"g7qd0cbq",185,0.110457657657658,0.00916036036036036,"fastctsne","soft-sweep-11"
0.490318948255024,0.000001,"undefined",FALSE,"g7qd0cbq",313,0.193141640042599,0.092321618743344,"fastctsne","soft-sweep-11"
0.481427227389031,0.000001,"undefined",FALSE,"g7qd0cbq",527,0.316641366223909,0.265044908285895,"fastctsne","soft-sweep-11"
0.371595155113808,0.000001,"undefined",FALSE,"g7qd0cbq",889,0.40058942632171,0.494311961004874,"fastctsne","soft-sweep-11"
0,0.000001,"undefined",FALSE,"g7qd0cbq",1499,0.48032021347565,0.66711140760507,"fastctsne","soft-sweep-11"
0.457638184245661,0.0001,"undefined",TRUE,"7f4vjgdz",1,0.072,0,"fastctsne","warm-sweep-8"
0.528370741482966,0.0001,"undefined",TRUE,"7f4vjgdz",2,0.069,0,"fastctsne","warm-sweep-8"
0.543753565062389,0.0001,"undefined",TRUE,"7f4vjgdz",3,0.0677777777777778,0,"fastctsne","warm-sweep-8"
0.557457206604195,0.0001,"undefined",TRUE,"7f4vjgdz",5,0.0701333333333333,0,"fastctsne","warm-sweep-8"
0.563336239660183,0.0001,"undefined",TRUE,"7f4vjgdz",8,0.0708333333333333,0,"fastctsne","warm-sweep-8"
0.5612835337502,0.0001,"undefined",TRUE,"7f4vjgdz",14,0.0718095238095238,0,"fastctsne","warm-sweep-8"
0.55853063508896,0.0001,"undefined",TRUE,"7f4vjgdz",23,0.0749275362318841,0,"fastctsne","warm-sweep-8"
0.555547640791476,0.0001,"undefined",TRUE,"7f4vjgdz",39,0.0792649572649573,6.83760683760684E-05,"fastctsne","warm-sweep-8"
0.555633851875693,0.0001,"undefined",TRUE,"7f4vjgdz",65,0.0817025641025641,0.000235897435897436,"fastctsne","warm-sweep-8"
0.560552339812815,0.0001,"undefined",TRUE,"7f4vjgdz",110,0.085830303030303,0.000921212121212121,"fastctsne","warm-sweep-8"
0.556098509468372,0.0001,"undefined",TRUE,"7f4vjgdz",185,0.106162162162162,0.00498378378378378,"fastctsne","warm-sweep-8"
0.481903634342444,0.0001,"undefined",TRUE,"7f4vjgdz",313,0.211303514376997,0.0569307774227902,"fastctsne","warm-sweep-8"
0.473317364381037,0.0001,"undefined",TRUE,"7f4vjgdz",527,0.350516129032258,0.201192915876028,"fastctsne","warm-sweep-8"
0.409743008353464,0.0001,"undefined",TRUE,"7f4vjgdz",889,0.423670791151106,0.449228346456693,"fastctsne","warm-sweep-8"
0,0.0001,"undefined",TRUE,"7f4vjgdz",1499,0.48032021347565,0.66711140760507,"fastctsne","warm-sweep-8"
0.478985758789497,0.00001,"undefined",FALSE,"22h6tkaw",1,0.0286666666666667,0,"fastctsne","glowing-sweep-10"
0.548397461589846,0.00001,"undefined",FALSE,"22h6tkaw",2,0.0296666666666667,0.001,"fastctsne","glowing-sweep-10"
0.565797682709447,0.00001,"undefined",FALSE,"22h6tkaw",3,0.0311111111111111,0.00133333333333333,"fastctsne","glowing-sweep-10"
0.575116108879964,0.00001,"undefined",FALSE,"22h6tkaw",5,0.0330666666666667,0.0016,"fastctsne","glowing-sweep-10"
0.578500503018109,0.00001,"undefined",FALSE,"22h6tkaw",8,0.034,0.0015,"fastctsne","glowing-sweep-10"
0.573781208914542,0.00001,"undefined",FALSE,"22h6tkaw",14,0.0340952380952381,0.00142857142857143,"fastctsne","glowing-sweep-10"
0.574927143474333,0.00001,"undefined",FALSE,"22h6tkaw",23,0.0364057971014493,0.00142028985507246,"fastctsne","glowing-sweep-10"
0.572992975061468,0.00001,"undefined",FALSE,"22h6tkaw",39,0.0384786324786325,0.00147008547008547,"fastctsne","glowing-sweep-10"
0.564875621356793,0.00001,"undefined",FALSE,"22h6tkaw",65,0.0397128205128205,0.00172307692307692,"fastctsne","glowing-sweep-10"
0.565673604293475,0.00001,"undefined",FALSE,"22h6tkaw",110,0.0427272727272727,0.00386060606060606,"fastctsne","glowing-sweep-10"
0.577537167304291,0.00001,"undefined",FALSE,"22h6tkaw",185,0.0515063063063063,0.0107171171171171,"fastctsne","glowing-sweep-10"
0.519885612587033,0.00001,"undefined",FALSE,"22h6tkaw",313,0.124998935037274,0.108624068157614,"fastctsne","glowing-sweep-10"
0.51312729090043,0.00001,"undefined",FALSE,"22h6tkaw",527,0.265246046805819,0.295724225173941,"fastctsne","glowing-sweep-10"
0.371565670274822,0.00001,"undefined",FALSE,"22h6tkaw",889,0.375760779902512,0.504439445069366,"fastctsne","glowing-sweep-10"
0,0.00001,"undefined",FALSE,"22h6tkaw",1499,0.48032021347565,0.66711140760507,"fastctsne","glowing-sweep-10"
0.466310636404094,0.001,"undefined",TRUE,"gbl5fqma",1,0.0166666666666667,0,"fastctsne","fine-sweep-7"
0.544058338900022,0.001,"undefined",TRUE,"gbl5fqma",2,0.015,0,"fastctsne","fine-sweep-7"
0.556890968508616,0.001,"undefined",TRUE,"gbl5fqma",3,0.0153333333333333,0,"fastctsne","fine-sweep-7"
0.566152878179384,0.001,"undefined",TRUE,"gbl5fqma",5,0.0141333333333333,0,"fastctsne","fine-sweep-7"
0.574814162754304,0.001,"undefined",TRUE,"gbl5fqma",8,0.0149166666666667,0,"fastctsne","fine-sweep-7"
0.567051691518358,0.001,"undefined",TRUE,"gbl5fqma",14,0.0167142857142857,0,"fastctsne","fine-sweep-7"
0.562180845214249,0.001,"undefined",TRUE,"gbl5fqma",23,0.0174202898550725,0.000144927536231884,"fastctsne","fine-sweep-7"
0.562743402411896,0.001,"undefined",TRUE,"gbl5fqma",39,0.0178290598290598,0.000290598290598291,"fastctsne","fine-sweep-7"
0.566237227765261,0.001,"undefined",TRUE,"gbl5fqma",65,0.0185538461538462,0.00041025641025641,"fastctsne","fine-sweep-7"
0.582783729301656,0.001,"undefined",TRUE,"gbl5fqma",110,0.0202666666666667,0.00133939393939394,"fastctsne","fine-sweep-7"
0.596632577783263,0.001,"undefined",TRUE,"gbl5fqma",185,0.0262234234234234,0.00707387387387387,"fastctsne","fine-sweep-7"
0.542086858216286,0.001,"undefined",TRUE,"gbl5fqma",313,0.103936102236422,0.106474973375932,"fastctsne","fine-sweep-7"
0.522692520231244,0.001,"undefined",TRUE,"gbl5fqma",527,0.244444022770398,0.282006325110689,"fastctsne","fine-sweep-7"
0.421089142955491,0.001,"undefined",TRUE,"gbl5fqma",889,0.375070866141732,0.473006374203225,"fastctsne","fine-sweep-7"
0,0.001,"undefined",TRUE,"gbl5fqma",1499,0.48032021347565,0.66711140760507,"fastctsne","fine-sweep-7"
0.484989764129951,0.0001,"undefined",FALSE,"p8ietgf0",1,0.0126666666666667,0,"fastctsne","astral-sweep-9"
0.549065018926742,0.0001,"undefined",FALSE,"p8ietgf0",2,0.0126666666666667,0,"fastctsne","astral-sweep-9"
0.564907011289364,0.0001,"undefined",FALSE,"p8ietgf0",3,0.0128888888888889,0,"fastctsne","astral-sweep-9"
0.579932173136992,0.0001,"undefined",FALSE,"p8ietgf0",5,0.0128,0,"fastctsne","astral-sweep-9"
0.576824893807288,0.0001,"undefined",FALSE,"p8ietgf0",8,0.0133333333333333,0,"fastctsne","astral-sweep-9"
0.567820779220779,0.0001,"undefined",FALSE,"p8ietgf0",14,0.013952380952381,9.52380952380952E-05,"fastctsne","astral-sweep-9"
0.567862220651192,0.0001,"undefined",FALSE,"p8ietgf0",23,0.0142608695652174,0.000173913043478261,"fastctsne","astral-sweep-9"
0.568131448308161,0.0001,"undefined",FALSE,"p8ietgf0",39,0.0142222222222222,0.000222222222222222,"fastctsne","astral-sweep-9"
0.574674898973644,0.0001,"undefined",FALSE,"p8ietgf0",65,0.0142666666666667,0.000256410256410256,"fastctsne","astral-sweep-9"
0.580599179701987,0.0001,"undefined",FALSE,"p8ietgf0",110,0.0151272727272727,0.000672727272727273,"fastctsne","astral-sweep-9"
0.58536032470827,0.0001,"undefined",FALSE,"p8ietgf0",185,0.0170774774774775,0.00442882882882883,"fastctsne","astral-sweep-9"
0.54425933368892,0.0001,"undefined",FALSE,"p8ietgf0",313,0.0860702875399361,0.115914802981896,"fastctsne","astral-sweep-9"
0.517194903210189,0.0001,"undefined",FALSE,"p8ietgf0",527,0.223797596457938,0.307739405439595,"fastctsne","astral-sweep-9"
0.424828189099313,0.0001,"undefined",FALSE,"p8ietgf0",889,0.366083239595051,0.478638920134983,"fastctsne","astral-sweep-9"
0,0.0001,"undefined",FALSE,"p8ietgf0",1499,0.48032021347565,0.66711140760507,"fastctsne","astral-sweep-9"
0.571047174009791,"undefined",0.1,FALSE,"jntz0aof",1,0,0,"ctsne","morning-sweep-6"
0.626835448675128,"undefined",0.1,FALSE,"jntz0aof",2,0,0,"ctsne","morning-sweep-6"
0.613448603683898,"undefined",0.1,FALSE,"jntz0aof",3,0,0,"ctsne","morning-sweep-6"
0.599999107541276,"undefined",0.1,FALSE,"jntz0aof",5,0.00133333333333333,0.00133333333333333,"ctsne","morning-sweep-6"
0.587465012295998,"undefined",0.1,FALSE,"jntz0aof",8,0.00333333333333333,0.00333333333333333,"ctsne","morning-sweep-6"
0.575415520282187,"undefined",0.1,FALSE,"jntz0aof",14,0.00580952380952381,0.00580952380952381,"ctsne","morning-sweep-6"
0.56933407957268,"undefined",0.1,FALSE,"jntz0aof",23,0.00933333333333333,0.00933333333333333,"ctsne","morning-sweep-6"
0.562725851773797,"undefined",0.1,FALSE,"jntz0aof",39,0.0145128205128205,0.0142735042735043,"ctsne","morning-sweep-6"
0.553929163537532,"undefined",0.1,FALSE,"jntz0aof",65,0.0237641025641026,0.0230871794871795,"ctsne","morning-sweep-6"
0.547641259244715,"undefined",0.1,FALSE,"jntz0aof",110,0.0426969696969697,0.0404606060606061,"ctsne","morning-sweep-6"
0.548164356136959,"undefined",0.1,FALSE,"jntz0aof",185,0.0747315315315315,0.0719135135135135,"ctsne","morning-sweep-6"
0.419580239463963,"undefined",0.1,FALSE,"jntz0aof",313,0.201318423855165,0.216741214057508,"ctsne","morning-sweep-6"
0.234699716020751,"undefined",0.1,FALSE,"jntz0aof",527,0.41105376344086,0.458013915243517,"ctsne","morning-sweep-6"
0.196423883899758,"undefined",0.1,FALSE,"jntz0aof",889,0.493581552305962,0.59606974128234,"ctsne","morning-sweep-6"
0,"undefined",0.1,FALSE,"jntz0aof",1499,0.48032021347565,0.66711140760507,"ctsne","morning-sweep-6"
0.568378727191811,"undefined",0.2,FALSE,"bpxynhe9",1,0,0,"ctsne","visionary-sweep-5"
0.612482965931864,"undefined",0.2,FALSE,"bpxynhe9",2,0,0,"ctsne","visionary-sweep-5"
0.614339275103981,"undefined",0.2,FALSE,"bpxynhe9",3,0,0,"ctsne","visionary-sweep-5"
0.609096117804552,"undefined",0.2,FALSE,"bpxynhe9",5,0.000266666666666667,0.000266666666666667,"ctsne","visionary-sweep-5"
0.591486474401967,"undefined",0.2,FALSE,"bpxynhe9",8,0.000333333333333333,0.000333333333333333,"ctsne","visionary-sweep-5"
0.575559724226391,"undefined",0.2,FALSE,"bpxynhe9",14,0.00147619047619048,0.000380952380952381,"ctsne","visionary-sweep-5"
0.568921959074663,"undefined",0.2,FALSE,"bpxynhe9",23,0.00423188405797101,0.00156521739130435,"ctsne","visionary-sweep-5"
0.560374066268587,"undefined",0.2,FALSE,"bpxynhe9",39,0.00788034188034188,0.0031965811965812,"ctsne","visionary-sweep-5"
0.557703064764153,"undefined",0.2,FALSE,"bpxynhe9",65,0.0133641025641026,0.0062974358974359,"ctsne","visionary-sweep-5"
0.55862287235203,"undefined",0.2,FALSE,"bpxynhe9",110,0.0230969696969697,0.0139636363636364,"ctsne","visionary-sweep-5"
0.564649306841088,"undefined",0.2,FALSE,"bpxynhe9",185,0.0464828828828829,0.0375027027027027,"ctsne","visionary-sweep-5"
0.447095570078319,"undefined",0.2,FALSE,"bpxynhe9",313,0.173740149094782,0.181542066027689,"ctsne","visionary-sweep-5"
0.311086939036865,"undefined",0.2,FALSE,"bpxynhe9",527,0.355368753953194,0.420680581910183,"ctsne","visionary-sweep-5"
0.198762400191779,"undefined",0.2,FALSE,"bpxynhe9",889,0.47138432695913,0.571913010873641,"ctsne","visionary-sweep-5"
0,"undefined",0.2,FALSE,"bpxynhe9",1499,0.48032021347565,0.66711140760507,"ctsne","visionary-sweep-5"
0.484989764129951,0.01,"undefined",TRUE,"a7rkk4i9",1,0.00133333333333333,0,"fastctsne","comfy-sweep-6"
0.549732576263638,0.01,"undefined",TRUE,"a7rkk4i9",2,0.00133333333333333,0,"fastctsne","comfy-sweep-6"
0.566688354129531,0.01,"undefined",TRUE,"a7rkk4i9",3,0.00133333333333333,0,"fastctsne","comfy-sweep-6"
0.577122802320393,0.01,"undefined",TRUE,"a7rkk4i9",5,0.00133333333333333,0,"fastctsne","comfy-sweep-6"
0.580008551307847,0.01,"undefined",TRUE,"a7rkk4i9",8,0.00166666666666667,0,"fastctsne","comfy-sweep-6"
0.575463588263588,0.01,"undefined",TRUE,"a7rkk4i9",14,0.0019047619047619,0,"fastctsne","comfy-sweep-6"
0.575751384470366,0.01,"undefined",TRUE,"a7rkk4i9",23,0.00194202898550725,0,"fastctsne","comfy-sweep-6"
0.57853897670062,0.01,"undefined",TRUE,"a7rkk4i9",39,0.00191452991452991,6.83760683760684E-05,"fastctsne","comfy-sweep-6"
0.57477139076637,0.01,"undefined",TRUE,"a7rkk4i9",65,0.00190769230769231,0.0004,"fastctsne","comfy-sweep-6"
0.573731583655126,0.01,"undefined",TRUE,"a7rkk4i9",110,0.00204848484848485,0.00176363636363636,"fastctsne","comfy-sweep-6"
0.583621388511799,0.01,"undefined",TRUE,"a7rkk4i9",185,0.00246486486486486,0.0090018018018018,"fastctsne","comfy-sweep-6"
0.572170394036209,0.01,"undefined",TRUE,"a7rkk4i9",313,0.0440724174653887,0.141925452609159,"fastctsne","comfy-sweep-6"
0.547031863721195,0.01,"undefined",TRUE,"a7rkk4i9",527,0.165342188488299,0.366404807084124,"fastctsne","comfy-sweep-6"
0.439631421072366,0.01,"undefined",TRUE,"a7rkk4i9",889,0.349484064491938,0.484836145481815,"fastctsne","comfy-sweep-6"
0,0.01,"undefined",TRUE,"a7rkk4i9",1499,0.48032021347565,0.66711140760507,"fastctsne","comfy-sweep-6"
0.553035157988429,"undefined",0.8,FALSE,"0ve5h7yr",1,0,0.000666666666666667,"ctsne","copper-sweep-2"
0.607810064573592,"undefined",0.8,FALSE,"0ve5h7yr",2,0,0.001,"ctsne","copper-sweep-2"
0.607213903743316,"undefined",0.8,FALSE,"0ve5h7yr",3,0,0.000888888888888889,"ctsne","copper-sweep-2"
0.608694779116466,"undefined",0.8,FALSE,"0ve5h7yr",5,0,0.000933333333333333,"ctsne","copper-sweep-2"
0.59743488710038,"undefined",0.8,FALSE,"0ve5h7yr",8,0,0.000916666666666667,"ctsne","copper-sweep-2"
0.579116754850088,"undefined",0.8,FALSE,"0ve5h7yr",14,0,0.000952380952380952,"ctsne","copper-sweep-2"
0.565065688700365,"undefined",0.8,FALSE,"0ve5h7yr",23,0,0.00101449275362319,"ctsne","copper-sweep-2"
0.557969628849081,"undefined",0.8,FALSE,"0ve5h7yr",39,0,0.000871794871794872,"ctsne","copper-sweep-2"
0.554711819189643,"undefined",0.8,FALSE,"0ve5h7yr",65,0,0.000974358974358974,"ctsne","copper-sweep-2"
0.577407382682113,"undefined",0.8,FALSE,"0ve5h7yr",110,0,0.00194545454545455,"ctsne","copper-sweep-2"
0.599711687029495,"undefined",0.8,FALSE,"0ve5h7yr",185,0.000731531531531532,0.0101153153153153,"ctsne","copper-sweep-2"
0.532002480123988,"undefined",0.8,FALSE,"0ve5h7yr",313,0.0836847710330138,0.167571884984026,"ctsne","copper-sweep-2"
0.39961261950685,"undefined",0.8,FALSE,"0ve5h7yr",527,0.290977862112587,0.414469323213156,"ctsne","copper-sweep-2"
0.294050028582493,"undefined",0.8,FALSE,"0ve5h7yr",889,0.467837270341207,0.514092988376453,"ctsne","copper-sweep-2"
0,"undefined",0.8,FALSE,"0ve5h7yr",1499,0.48032021347565,0.66711140760507,"ctsne","copper-sweep-2"
0.481654205607477,0.2,"undefined",FALSE,"0vkybkko",1,0,0,"fastctsne","ethereal-sweep-5"
0.550400133600534,0.2,"undefined",FALSE,"0vkybkko",2,0,0,"fastctsne","ethereal-sweep-5"
0.563571004159239,0.2,"undefined",FALSE,"0vkybkko",3,0,0,"fastctsne","ethereal-sweep-5"
0.577925479696564,0.2,"undefined",FALSE,"0vkybkko",5,0,0,"fastctsne","ethereal-sweep-5"
0.586375866308965,0.2,"undefined",FALSE,"0vkybkko",8,0,0,"fastctsne","ethereal-sweep-5"
0.5868556998557,0.2,"undefined",FALSE,"0vkybkko",14,0,0,"fastctsne","ethereal-sweep-5"
0.577605926711441,0.2,"undefined",FALSE,"0vkybkko",23,0,0,"fastctsne","ethereal-sweep-5"
0.573291335909144,0.2,"undefined",FALSE,"0vkybkko",39,0,0,"fastctsne","ethereal-sweep-5"
0.573259686013661,0.2,"undefined",FALSE,"0vkybkko",65,0,0.000297435897435897,"fastctsne","ethereal-sweep-5"
0.582574431136418,0.2,"undefined",FALSE,"0vkybkko",110,0,0.00126060606060606,"fastctsne","ethereal-sweep-5"
0.589278069850673,0.2,"undefined",FALSE,"0vkybkko",185,0,0.00811531531531532,"fastctsne","ethereal-sweep-5"
0.576561109644468,0.2,"undefined",FALSE,"0vkybkko",313,0.0286624068157614,0.15223642172524,"fastctsne","ethereal-sweep-5"
0.565420982969054,0.2,"undefined",FALSE,"0vkybkko",527,0.140989247311828,0.372148007590133,"fastctsne","ethereal-sweep-5"
0.468417837934192,0.2,"undefined",FALSE,"0vkybkko",889,0.332416197975253,0.487291338582677,"fastctsne","ethereal-sweep-5"
0,0.2,"undefined",FALSE,"0vkybkko",1499,0.48032021347565,0.66711140760507,"fastctsne","ethereal-sweep-5"
0.463642189586115,0.8,"undefined",TRUE,"2ngvzi5d",1,0,0.000666666666666667,"fastctsne","fallen-sweep-1"
0.547062346916054,0.8,"undefined",TRUE,"2ngvzi5d",2,0,0.00166666666666667,"fastctsne","fallen-sweep-1"
0.562012329174094,0.8,"undefined",TRUE,"2ngvzi5d",3,0,0.002,"fastctsne","fallen-sweep-1"
0.57859437751004,0.8,"undefined",TRUE,"2ngvzi5d",5,0,0.00133333333333333,"fastctsne","fallen-sweep-1"
0.581684160518668,0.8,"undefined",TRUE,"2ngvzi5d",8,0,0.000833333333333333,"fastctsne","fallen-sweep-1"
0.572435305435305,0.8,"undefined",TRUE,"2ngvzi5d",14,0,0.000714285714285714,"fastctsne","fallen-sweep-1"
0.570393817996151,0.8,"undefined",TRUE,"2ngvzi5d",23,0,0.000811594202898551,"fastctsne","fallen-sweep-1"
0.572273398899426,0.8,"undefined",TRUE,"2ngvzi5d",39,0,0.00111111111111111,"fastctsne","fallen-sweep-1"
0.574503358008797,0.8,"undefined",TRUE,"2ngvzi5d",65,0,0.00157948717948718,"fastctsne","fallen-sweep-1"
0.582927621790257,0.8,"undefined",TRUE,"2ngvzi5d",110,0,0.00321212121212121,"fastctsne","fallen-sweep-1"
0.595173186885516,0.8,"undefined",TRUE,"2ngvzi5d",185,0,0.0102594594594595,"fastctsne","fallen-sweep-1"
0.567160509458054,0.8,"undefined",TRUE,"2ngvzi5d",313,0.0454845580404686,0.134960596379127,"fastctsne","fallen-sweep-1"
0.570553782962807,0.8,"undefined",TRUE,"2ngvzi5d",527,0.16328146742568,0.347939278937381,"fastctsne","fallen-sweep-1"
0.544984436371683,0.8,"undefined",TRUE,"2ngvzi5d",889,0.280454443194601,0.529539557555306,"fastctsne","fallen-sweep-1"
0,0.8,"undefined",TRUE,"2ngvzi5d",1499,0.48032021347565,0.66711140760507,"fastctsne","fallen-sweep-1"
0.480319982198487,0.2,"undefined",TRUE,"5jjqooay",1,0,0,"fastctsne","lilac-sweep-4"
0.552402805611222,0.2,"undefined",TRUE,"5jjqooay",2,0,0,"fastctsne","lilac-sweep-4"
0.572255050505051,0.2,"undefined",TRUE,"5jjqooay",3,0,0,"fastctsne","lilac-sweep-4"
0.582072646140116,0.2,"undefined",TRUE,"5jjqooay",5,0,0,"fastctsne","lilac-sweep-4"
0.589894645651688,0.2,"undefined",TRUE,"5jjqooay",8,0,0,"fastctsne","lilac-sweep-4"
0.57844380311047,0.2,"undefined",TRUE,"5jjqooay",14,0,0,"fastctsne","lilac-sweep-4"
0.569039707788382,0.2,"undefined",TRUE,"5jjqooay",23,0,0,"fastctsne","lilac-sweep-4"
0.566797599812668,0.2,"undefined",TRUE,"5jjqooay",39,0,0.000444444444444444,"fastctsne","lilac-sweep-4"
0.570279161749455,0.2,"undefined",TRUE,"5jjqooay",65,0,0.0008,"fastctsne","lilac-sweep-4"
0.581567183716212,0.2,"undefined",TRUE,"5jjqooay",110,0,0.00218181818181818,"fastctsne","lilac-sweep-4"
0.601310850576604,0.2,"undefined",TRUE,"5jjqooay",185,0,0.00686846846846847,"fastctsne","lilac-sweep-4"
0.556588872306839,0.2,"undefined",TRUE,"5jjqooay",313,0.0468903088391906,0.152619808306709,"fastctsne","lilac-sweep-4"
0.511584134383874,0.2,"undefined",TRUE,"5jjqooay",527,0.159771030993042,0.415192915876028,"fastctsne","lilac-sweep-4"
0.460134440981762,0.2,"undefined",TRUE,"5jjqooay",889,0.326612673415823,0.502070491188601,"fastctsne","lilac-sweep-4"
0,0.2,"undefined",TRUE,"5jjqooay",1499,0.48032021347565,0.66711140760507,"fastctsne","lilac-sweep-4"
0.477651535380507,0.6,"undefined",TRUE,"8owzkq5t",1,0,0.00133333333333333,"fastctsne","driven-sweep-2"
0.544725896236918,0.6,"undefined",TRUE,"8owzkq5t",2,0,0.001,"fastctsne","driven-sweep-2"
0.562680332739156,0.6,"undefined",TRUE,"8owzkq5t",3,0,0.000888888888888889,"fastctsne","driven-sweep-2"
0.578728157072735,0.6,"undefined",TRUE,"8owzkq5t",5,0,0.0008,"fastctsne","driven-sweep-2"
0.583611111111111,0.6,"undefined",TRUE,"8owzkq5t",8,0,0.000833333333333333,"fastctsne","driven-sweep-2"
0.584596504729838,0.6,"undefined",TRUE,"8owzkq5t",14,0,0.000952380952380952,"fastctsne","driven-sweep-2"
0.582404186795491,0.6,"undefined",TRUE,"8owzkq5t",23,0,0.00104347826086957,"fastctsne","driven-sweep-2"
0.571624025289779,0.6,"undefined",TRUE,"8owzkq5t",39,0,0.00116239316239316,"fastctsne","driven-sweep-2"
0.564704080391947,0.6,"undefined",TRUE,"8owzkq5t",65,0,0.0016,"fastctsne","driven-sweep-2"
0.569290538211489,0.6,"undefined",TRUE,"8owzkq5t",110,0,0.00297575757575758,"fastctsne","driven-sweep-2"
0.595789830926817,0.6,"undefined",TRUE,"8owzkq5t",185,0,0.0074990990990991,"fastctsne","driven-sweep-2"
0.560438488076189,0.6,"undefined",TRUE,"8owzkq5t",313,0.0456443024494143,0.159718849840256,"fastctsne","driven-sweep-2"
0.505875820897853,0.6,"undefined",TRUE,"8owzkq5t",527,0.161681214421252,0.419017077798862,"fastctsne","driven-sweep-2"
0.46805849145906,0.6,"undefined",TRUE,"8owzkq5t",889,0.326203224596925,0.503670791151106,"fastctsne","driven-sweep-2"
0,0.6,"undefined",TRUE,"8owzkq5t",1499,0.48032021347565,0.66711140760507,"fastctsne","driven-sweep-2"
0.466977748108589,0.6,"undefined",FALSE,"bqviqo05",1,0,0,"fastctsne","eager-sweep-3"
0.539719216210198,0.6,"undefined",FALSE,"bqviqo05",2,0,0,"fastctsne","eager-sweep-3"
0.558672311348782,0.6,"undefined",FALSE,"bqviqo05",3,0,0,"fastctsne","eager-sweep-3"
0.57859437751004,0.6,"undefined",FALSE,"bqviqo05",5,0,0,"fastctsne","eager-sweep-3"
0.576322211044042,0.6,"undefined",FALSE,"bqviqo05",8,0,0,"fastctsne","eager-sweep-3"
0.572050761584095,0.6,"undefined",FALSE,"bqviqo05",14,0,0,"fastctsne","eager-sweep-3"
0.572336671772515,0.6,"undefined",FALSE,"bqviqo05",23,0,0,"fastctsne","eager-sweep-3"
0.572378702728018,0.6,"undefined",FALSE,"bqviqo05",39,0,5.12820512820513E-05,"fastctsne","eager-sweep-3"
0.573709981046383,0.6,"undefined",FALSE,"bqviqo05",65,0,0.000102564102564103,"fastctsne","eager-sweep-3"
0.584628169382813,0.6,"undefined",FALSE,"bqviqo05",110,0,0.000460606060606061,"fastctsne","eager-sweep-3"
0.602026157664514,0.6,"undefined",FALSE,"bqviqo05",185,0,0.0040972972972973,"fastctsne","eager-sweep-3"
0.542571425236204,0.6,"undefined",FALSE,"bqviqo05",313,0.06414696485623,0.144909478168264,"fastctsne","eager-sweep-3"
0.487449634679307,0.6,"undefined",FALSE,"bqviqo05",527,0.191259962049336,0.399888678051866,"fastctsne","eager-sweep-3"
0.490800516328902,0.6,"undefined",FALSE,"bqviqo05",889,0.308698162729659,0.518102737157855,"fastctsne","eager-sweep-3"
0,0.6,"undefined",FALSE,"bqviqo05",1499,0.48032021347565,0.66711140760507,"fastctsne","eager-sweep-3"
0.46030663106364,0.1,"undefined",TRUE,"gj7zu1b3",1,0,0,"fastctsne","polished-sweep-5"
0.548397461589846,0.1,"undefined",TRUE,"gj7zu1b3",2,0,0,"fastctsne","polished-sweep-5"
0.562903000594177,0.1,"undefined",TRUE,"gj7zu1b3",3,0,0,"fastctsne","polished-sweep-5"
0.578728157072735,0.1,"undefined",TRUE,"gj7zu1b3",5,0,0,"fastctsne","polished-sweep-5"
0.582019282360832,0.1,"undefined",TRUE,"gj7zu1b3",8,0,0,"fastctsne","polished-sweep-5"
0.573925412858746,0.1,"undefined",TRUE,"gj7zu1b3",14,0,0,"fastctsne","polished-sweep-5"
0.572601606378383,0.1,"undefined",TRUE,"gj7zu1b3",23,0,0,"fastctsne","polished-sweep-5"
0.57358969675682,0.1,"undefined",TRUE,"gj7zu1b3",39,0,6.83760683760684E-05,"fastctsne","polished-sweep-5"
0.576111554554232,0.1,"undefined",TRUE,"gj7zu1b3",65,0,0.000287179487179487,"fastctsne","polished-sweep-5"
0.587460235181185,0.1,"undefined",TRUE,"gj7zu1b3",110,0,0.00124242424242424,"fastctsne","polished-sweep-5"
0.604583174955778,0.1,"undefined",TRUE,"gj7zu1b3",185,3.24324324324324E-05,0.0057045045045045,"fastctsne","polished-sweep-5"
0.568708431882793,0.1,"undefined",TRUE,"gj7zu1b3",313,0.0434526091586795,0.142066027689031,"fastctsne","polished-sweep-5"
0.539885741951102,0.1,"undefined",TRUE,"gj7zu1b3",527,0.161117014547755,0.389540796963947,"fastctsne","polished-sweep-5"
0.452236189738578,0.1,"undefined",TRUE,"gj7zu1b3",889,0.342555680539932,0.491971503562055,"fastctsne","polished-sweep-5"
0,0.1,"undefined",TRUE,"gj7zu1b3",1499,0.48032021347565,0.66711140760507,"fastctsne","polished-sweep-5"
0.471647530040053,0.001,"undefined",FALSE,"jg1u5nxx",1,0,0,"fastctsne","breezy-sweep-8"
0.562416165664663,0.001,"undefined",FALSE,"jg1u5nxx",2,0,0,"fastctsne","breezy-sweep-8"
0.574036393345217,0.001,"undefined",FALSE,"jg1u5nxx",3,0,0,"fastctsne","breezy-sweep-8"
0.586219812583668,0.001,"undefined",FALSE,"jg1u5nxx",5,0,0,"fastctsne","breezy-sweep-8"
0.587883914598703,0.001,"undefined",FALSE,"jg1u5nxx",8,0,8.33333333333333E-05,"fastctsne","breezy-sweep-8"
0.578491871091871,0.001,"undefined",FALSE,"jg1u5nxx",14,0,0.00019047619047619,"fastctsne","breezy-sweep-8"
0.569746200070696,0.001,"undefined",FALSE,"jg1u5nxx",23,0,0.000347826086956522,"fastctsne","breezy-sweep-8"
0.566622093431682,0.001,"undefined",FALSE,"jg1u5nxx",39,0,0.000837606837606838,"fastctsne","breezy-sweep-8"
0.573592046633051,0.001,"undefined",FALSE,"jg1u5nxx",65,0,0.00173333333333333,"fastctsne","breezy-sweep-8"
0.583228487902786,0.001,"undefined",FALSE,"jg1u5nxx",110,0.00023030303030303,0.00366666666666667,"fastctsne","breezy-sweep-8"
0.593298588999959,0.001,"undefined",FALSE,"jg1u5nxx",185,0.0011027027027027,0.010227027027027,"fastctsne","breezy-sweep-8"
0.557342643226711,0.001,"undefined",FALSE,"jg1u5nxx",313,0.065989350372737,0.129699680511182,"fastctsne","breezy-sweep-8"
0.521966787963028,0.001,"undefined",FALSE,"jg1u5nxx",527,0.197700189753321,0.360853889943074,"fastctsne","breezy-sweep-8"
0.470057932102749,0.001,"undefined",FALSE,"jg1u5nxx",889,0.304852643419573,0.518604424446944,"fastctsne","breezy-sweep-8"
0,0.001,"undefined",FALSE,"jg1u5nxx",1499,0.48032021347565,0.66711140760507,"fastctsne","breezy-sweep-8"
0.470313306631064,0.1,"undefined",FALSE,"nqwsqzix",1,0,0,"fastctsne","glad-sweep-6"
0.554405477621911,0.1,"undefined",FALSE,"nqwsqzix",2,0,0,"fastctsne","glad-sweep-6"
0.564907011289364,0.1,"undefined",FALSE,"nqwsqzix",3,0,0,"fastctsne","glad-sweep-6"
0.578460597947345,0.1,"undefined",FALSE,"nqwsqzix",5,0,0,"fastctsne","glad-sweep-6"
0.583024647887324,0.1,"undefined",FALSE,"nqwsqzix",8,0,0,"fastctsne","glad-sweep-6"
0.576857559724227,0.1,"undefined",FALSE,"nqwsqzix",14,0,0,"fastctsne","glad-sweep-6"
0.575780821648796,0.1,"undefined",FALSE,"nqwsqzix",23,0,0,"fastctsne","glad-sweep-6"
0.578030008195762,0.1,"undefined",FALSE,"nqwsqzix",39,0,0,"fastctsne","glad-sweep-6"
0.575854243106963,0.1,"undefined",FALSE,"nqwsqzix",65,0,0.000133333333333333,"fastctsne","glad-sweep-6"
0.579173335951306,0.1,"undefined",FALSE,"nqwsqzix",110,0,0.0010969696969697,"fastctsne","glad-sweep-6"
0.591892640585791,0.1,"undefined",FALSE,"nqwsqzix",185,0,0.00567567567567568,"fastctsne","glad-sweep-6"
0.557566082463674,0.1,"undefined",FALSE,"nqwsqzix",313,0.0491075612353568,0.147965921192758,"fastctsne","glad-sweep-6"
0.51432709021482,0.1,"undefined",FALSE,"nqwsqzix",527,0.16424541429475,0.410567994939911,"fastctsne","glad-sweep-6"
0.471648270605519,0.1,"undefined",FALSE,"nqwsqzix",889,0.320011998500187,0.504170978627672,"fastctsne","glad-sweep-6"
0,0.1,"undefined",FALSE,"nqwsqzix",1499,0.48032021347565,0.66711140760507,"fastctsne","glad-sweep-6"
0.470313306631064,0.01,"undefined",FALSE,"ozbgpmkg",1,0,0,"fastctsne","amber-sweep-7"
0.532376085504342,0.01,"undefined",FALSE,"ozbgpmkg",2,0,0,"fastctsne","amber-sweep-7"
0.560230986333928,0.01,"undefined",FALSE,"ozbgpmkg",3,0,0,"fastctsne","amber-sweep-7"
0.576721463632307,0.01,"undefined",FALSE,"ozbgpmkg",5,0,0,"fastctsne","amber-sweep-7"
0.582605745584619,0.01,"undefined",FALSE,"ozbgpmkg",8,0,0,"fastctsne","amber-sweep-7"
0.581712425845759,0.01,"undefined",FALSE,"ozbgpmkg",14,0,0,"fastctsne","amber-sweep-7"
0.572984289697969,0.01,"undefined",FALSE,"ozbgpmkg",23,0,2.89855072463768E-05,"fastctsne","amber-sweep-7"
0.568429809155836,0.01,"undefined",FALSE,"ozbgpmkg",39,0,8.54700854700855E-05,"fastctsne","amber-sweep-7"
0.568724571755534,0.01,"undefined",FALSE,"ozbgpmkg",65,0,0.000307692307692308,"fastctsne","amber-sweep-7"
0.585347631825818,0.01,"undefined",FALSE,"ozbgpmkg",110,0,0.00114545454545455,"fastctsne","amber-sweep-7"
0.607205967611447,0.01,"undefined",FALSE,"ozbgpmkg",185,3.96396396396396E-05,0.00491891891891892,"fastctsne","amber-sweep-7"
0.550259888618907,0.01,"undefined",FALSE,"ozbgpmkg",313,0.0553056443024494,0.146790202342918,"fastctsne","amber-sweep-7"
0.516662309368192,0.01,"undefined",FALSE,"ozbgpmkg",527,0.181905123339658,0.398900695762176,"fastctsne","amber-sweep-7"
0.514618737821707,0.01,"undefined",FALSE,"ozbgpmkg",889,0.28761154855643,0.538614173228346,"fastctsne","amber-sweep-7"
0,0.01,"undefined",FALSE,"ozbgpmkg",1499,0.48032021347565,0.66711140760507,"fastctsne","amber-sweep-7"
0.577051179350245,"undefined",0.4,FALSE,"r6n4p8x4",1,0,0.000666666666666667,"ctsne","crimson-sweep-4"
0.614151859274104,"undefined",0.4,FALSE,"r6n4p8x4",2,0,0.00166666666666667,"ctsne","crimson-sweep-4"
0.607881907308378,"undefined",0.4,FALSE,"r6n4p8x4",3,0,0.00177777777777778,"ctsne","crimson-sweep-4"
0.603343596608657,"undefined",0.4,FALSE,"r6n4p8x4",5,0,0.002,"ctsne","crimson-sweep-4"
0.593832327297116,"undefined",0.4,FALSE,"r6n4p8x4",8,0,0.00208333333333333,"ctsne","crimson-sweep-4"
0.571185537918871,"undefined",0.4,FALSE,"r6n4p8x4",14,0,0.00219047619047619,"ctsne","crimson-sweep-4"
0.55970812222615,"undefined",0.4,FALSE,"r6n4p8x4",23,0,0.00243478260869565,"ctsne","crimson-sweep-4"
0.552616684229013,"undefined",0.4,FALSE,"r6n4p8x4",39,0,0.00266666666666667,"ctsne","crimson-sweep-4"
0.555655294496299,"undefined",0.4,FALSE,"r6n4p8x4",65,0.000748717948717949,0.00401025641025641,"ctsne","crimson-sweep-4"
0.571376979296202,"undefined",0.4,FALSE,"r6n4p8x4",110,0.00516363636363636,0.00860606060606061,"ctsne","crimson-sweep-4"
0.588307883225691,"undefined",0.4,FALSE,"r6n4p8x4",185,0.018018018018018,0.0235351351351351,"ctsne","crimson-sweep-4"
0.497560533163801,"undefined",0.4,FALSE,"r6n4p8x4",313,0.116702875399361,0.170247071352503,"ctsne","crimson-sweep-4"
0.354849375167563,"undefined",0.4,FALSE,"r6n4p8x4",527,0.316703352308665,0.411650853889943,"ctsne","crimson-sweep-4"
0.286704618070282,"undefined",0.4,FALSE,"r6n4p8x4",889,0.465176602924634,0.515793025871766,"ctsne","crimson-sweep-4"
0,"undefined",0.4,FALSE,"r6n4p8x4",1499,0.48032021347565,0.66711140760507,"ctsne","crimson-sweep-4"
0.478318647085002,0.8,"undefined",FALSE,"rwju948o",1,0,0,"fastctsne","eager-sweep-2"
0.546728568247606,0.8,"undefined",FALSE,"rwju948o",2,0,0,"fastctsne","eager-sweep-2"
0.562457664884135,0.8,"undefined",FALSE,"rwju948o",3,0,0,"fastctsne","eager-sweep-2"
0.580065952699688,0.8,"undefined",FALSE,"rwju948o",5,0,0,"fastctsne","eager-sweep-2"
0.588973060585737,0.8,"undefined",FALSE,"rwju948o",8,0,0,"fastctsne","eager-sweep-2"
0.578395735129068,0.8,"undefined",FALSE,"rwju948o",14,0,0,"fastctsne","eager-sweep-2"
0.573867405050862,0.8,"undefined",FALSE,"rwju948o",23,0,5.79710144927536E-05,"fastctsne","eager-sweep-2"
0.57371255122351,0.8,"undefined",FALSE,"rwju948o",39,0,0.000427350427350427,"fastctsne","eager-sweep-2"
0.575800636555448,0.8,"undefined",FALSE,"rwju948o",65,0,0.00141538461538462,"fastctsne","eager-sweep-2"
0.584242275890656,0.8,"undefined",FALSE,"rwju948o",110,0,0.00343636363636364,"fastctsne","eager-sweep-2"
0.604998381943587,0.8,"undefined",FALSE,"rwju948o",185,5.76576576576577E-05,0.0113621621621622,"fastctsne","eager-sweep-2"
0.57666340712645,0.8,"undefined",FALSE,"rwju948o",313,0.0421214057507987,0.139054313099042,"fastctsne","eager-sweep-2"
0.578763141523701,0.8,"undefined",FALSE,"rwju948o",527,0.158088551549652,0.354876660341556,"fastctsne","eager-sweep-2"
0.539424701420519,0.8,"undefined",FALSE,"rwju948o",889,0.27849343832021,0.531631796025497,"fastctsne","eager-sweep-2"
0,0.8,"undefined",FALSE,"rwju948o",1499,0.48032021347565,0.66711140760507,"fastctsne","eager-sweep-2"
0.555703604806409,"undefined",1,FALSE,"uzolwakq",1,0,0.002,"ctsne","fresh-sweep-1"
0.617489645958584,"undefined",1,FALSE,"uzolwakq",2,0,0.002,"ctsne","fresh-sweep-1"
0.610108585858586,"undefined",1,FALSE,"uzolwakq",3,0,0.00177777777777778,"ctsne","fresh-sweep-1"
0.606688085676038,"undefined",1,FALSE,"uzolwakq",5,0,0.00173333333333333,"ctsne","fresh-sweep-1"
0.593580985915493,"undefined",1,FALSE,"uzolwakq",8,0,0.00133333333333333,"ctsne","fresh-sweep-1"
0.574934840468174,"undefined",1,FALSE,"uzolwakq",14,0,0.00133333333333333,"ctsne","fresh-sweep-1"
0.567008542476729,"undefined",1,FALSE,"uzolwakq",23,0,0.00133333333333333,"ctsne","fresh-sweep-1"
0.558917363306404,"undefined",1,FALSE,"uzolwakq",39,0,0.00164102564102564,"ctsne","fresh-sweep-1"
0.562270342953188,"undefined",1,FALSE,"uzolwakq",65,0,0.00238974358974359,"ctsne","fresh-sweep-1"
0.578538900887929,"undefined",1,FALSE,"uzolwakq",110,0,0.00547878787878788,"ctsne","fresh-sweep-1"
0.597746648017881,"undefined",1,FALSE,"uzolwakq",185,0,0.0150738738738739,"ctsne","fresh-sweep-1"
0.574714370890779,"undefined",1,FALSE,"uzolwakq",313,0.0237699680511182,0.183299254526092,"ctsne","fresh-sweep-1"
0.471034819343906,"undefined",1,FALSE,"uzolwakq",527,0.15120936116382,0.508629981024668,"ctsne","fresh-sweep-1"
0.269774792085416,"undefined",1,FALSE,"uzolwakq",889,0.304448443944507,0.684080989876265,"ctsne","fresh-sweep-1"
0,"undefined",1,FALSE,"uzolwakq",1499,0.48032021347565,0.66711140760507,"ctsne","fresh-sweep-1"
0.477651535380507,0.4,"undefined",FALSE,"wo3c8cxl",1,0,0,"fastctsne","icy-sweep-4"
0.548731240258294,0.4,"undefined",FALSE,"wo3c8cxl",2,0,0,"fastctsne","icy-sweep-4"
0.570696375519905,0.4,"undefined",FALSE,"wo3c8cxl",3,0,0,"fastctsne","icy-sweep-4"
0.581537527889335,0.4,"undefined",FALSE,"wo3c8cxl",5,0,0,"fastctsne","icy-sweep-4"
0.582019282360832,0.4,"undefined",FALSE,"wo3c8cxl",8,0,0,"fastctsne","icy-sweep-4"
0.579453230719897,0.4,"undefined",FALSE,"wo3c8cxl",14,0,0,"fastctsne","icy-sweep-4"
0.577193806213424,0.4,"undefined",FALSE,"wo3c8cxl",23,0,0,"fastctsne","icy-sweep-4"
0.574326823556961,0.4,"undefined",FALSE,"wo3c8cxl",39,0,0,"fastctsne","icy-sweep-4"
0.574910767800308,0.4,"undefined",FALSE,"wo3c8cxl",65,0,7.17948717948718E-05,"fastctsne","icy-sweep-4"
0.583941409778127,0.4,"undefined",FALSE,"wo3c8cxl",110,0,0.001,"fastctsne","icy-sweep-4"
0.597993305634402,0.4,"undefined",FALSE,"wo3c8cxl",185,0,0.00754954954954955,"fastctsne","icy-sweep-4"
0.561598756884993,0.4,"undefined",FALSE,"wo3c8cxl",313,0.0403194888178914,0.154223642172524,"fastctsne","icy-sweep-4"
0.52054068503812,0.4,"undefined",FALSE,"wo3c8cxl",527,0.16173055028463,0.407760910815939,"fastctsne","icy-sweep-4"
0.457285468414809,0.4,"undefined",FALSE,"wo3c8cxl",889,0.330293213348331,0.501756280464942,"fastctsne","icy-sweep-4"
0,0.4,"undefined",FALSE,"wo3c8cxl",1499,0.48032021347565,0.66711140760507,"fastctsne","icy-sweep-4"
0.478985758789497,0.4,"undefined",TRUE,"xmk29xws",1,0,0,"fastctsne","glorious-sweep-3"
0.541721888220886,0.4,"undefined",TRUE,"xmk29xws",2,0,0,"fastctsne","glorious-sweep-3"
0.566911021984551,0.4,"undefined",TRUE,"xmk29xws",3,0,0,"fastctsne","glorious-sweep-3"
0.582473984828202,0.4,"undefined",TRUE,"xmk29xws",5,0,0,"fastctsne","glorious-sweep-3"
0.58109769729488,0.4,"undefined",TRUE,"xmk29xws",8,0,0,"fastctsne","glorious-sweep-3"
0.575127112393779,0.4,"undefined",TRUE,"xmk29xws",14,0,0,"fastctsne","glorious-sweep-3"
0.568980833431523,0.4,"undefined",TRUE,"xmk29xws",23,0,0,"fastctsne","glorious-sweep-3"
0.569307341060766,0.4,"undefined",TRUE,"xmk29xws",39,0,0.000170940170940171,"fastctsne","glorious-sweep-3"
0.575961456209992,0.4,"undefined",TRUE,"xmk29xws",65,0,0.0010974358974359,"fastctsne","glorious-sweep-3"
0.592450688308572,0.4,"undefined",TRUE,"xmk29xws",110,0,0.00283636363636364,"fastctsne","glorious-sweep-3"
0.604751724327067,0.4,"undefined",TRUE,"xmk29xws",185,4.32432432432432E-05,0.0100468468468468,"fastctsne","glorious-sweep-3"
0.56161490911899,0.4,"undefined",TRUE,"xmk29xws",313,0.0415079872204473,0.140136315228967,"fastctsne","glorious-sweep-3"
0.578150561060745,0.4,"undefined",TRUE,"xmk29xws",527,0.151821631878558,0.357328273244782,"fastctsne","glorious-sweep-3"
0.493096648164881,0.4,"undefined",TRUE,"xmk29xws",889,0.306681664791901,0.51346306711661,"fastctsne","glorious-sweep-3"
0,0.4,"undefined",TRUE,"xmk29xws",1499,0.48032021347565,0.66711140760507,"fastctsne","glorious-sweep-3"
0.57371562082777,"undefined",0.6,FALSE,"z8i956t4",1,0,0.000666666666666667,"ctsne","rose-sweep-3"
0.615486973947896,"undefined",0.6,FALSE,"z8i956t4",2,0,0.000666666666666667,"ctsne","rose-sweep-3"
0.613893939393939,"undefined",0.6,FALSE,"z8i956t4",3,0,0.000666666666666667,"ctsne","rose-sweep-3"
0.604547612672914,"undefined",0.6,FALSE,"z8i956t4",5,0,0.000666666666666667,"ctsne","rose-sweep-3"
0.585035378940308,"undefined",0.6,FALSE,"z8i956t4",8,0,0.000666666666666667,"ctsne","rose-sweep-3"
0.571570081770082,"undefined",0.6,FALSE,"z8i956t4",14,0,0.000619047619047619,"ctsne","rose-sweep-3"
0.554173932681356,"undefined",0.6,FALSE,"z8i956t4",23,0,0.00063768115942029,"ctsne","rose-sweep-3"
0.550212246809507,"undefined",0.6,FALSE,"z8i956t4",39,0,0.00064957264957265,"ctsne","rose-sweep-3"
0.556019819046597,"undefined",0.6,FALSE,"z8i956t4",65,0,0.00106666666666667,"ctsne","rose-sweep-3"
0.577655924253332,"undefined",0.6,FALSE,"z8i956t4",110,0.000272727272727273,0.00453939393939394,"ctsne","rose-sweep-3"
0.592126965321486,"undefined",0.6,FALSE,"z8i956t4",185,0.00283603603603604,0.0170198198198198,"ctsne","rose-sweep-3"
0.520039058810007,"undefined",0.6,FALSE,"z8i956t4",313,0.0907625133120341,0.177865814696486,"ctsne","rose-sweep-3"
0.373468699812329,"undefined",0.6,FALSE,"z8i956t4",527,0.310702087286527,0.405969639468691,"ctsne","rose-sweep-3"
0.305987702766662,"undefined",0.6,FALSE,"z8i956t4",889,0.478882639670041,0.499838020247469,"ctsne","rose-sweep-3"
0,"undefined",0.6,FALSE,"z8i956t4",1499,0.48032021347565,0.66711140760507,"ctsne","rose-sweep-3"
